G10	G7
0.0000000	0.0000000
0.0000000	0.1054701
0.0000000	0.1873903
0.0000000	0.2595821
0.0000000	0.4015142
0.0000000	0.4771727
0.0000000	0.6210361
0.0000000	0.6720158
0.0000000	0.8154169
0.0000000	0.8815902
0.0000000	1.1733624
0.0000000	1.0401286
0.0000000	0.8563322
0.0000000	1.0838858
0.0000000	1.0657938
0.0000000	0.8942335
0.0000000	0.8900420
0.0000000	1.1652628
0.0000000	1.0736416
0.0000000	1.1046872
0.0000000	0.9817398
0.1113311	0.0000000
0.0736191	0.0985895
0.0828646	0.1910254
0.0775395	0.2463170
0.0859996	0.3356731
0.1142945	0.3881865
0.0980061	0.6172748
0.1214158	0.6053379
0.1122953	0.6944451
0.0979398	0.9709923
0.0713383	0.8288090
0.1150725	1.0299238
0.1409861	0.8892568
0.1778809	0.9086368
0.0719716	0.9569798
0.1189864	1.0278125
0.0713162	1.0110912
0.0714955	0.9937716
0.1021506	0.8975499
0.1400010	0.9452555
0.1209275	0.9067636
0.2342785	0.0000000
0.2046417	0.0705648
0.1818120	0.2540104
0.1648602	0.2313259
0.2016716	0.4313625
0.1820260	0.5175252
0.1720984	0.5880767
0.2194932	0.8380107
0.2483998	0.8843833
0.1630597	1.0043379
0.1490288	1.0341916
0.1934646	1.0495981
0.1470124	1.0247368
0.1212795	1.1386476
0.2191115	1.1352082
0.1713899	1.1725768
0.3486454	0.8519767
0.1380148	0.8538299
0.2636664	0.9795403
0.1966765	0.8369529
0.1844083	0.9831939
0.2435712	0.0000000
0.3479099	0.0991552
0.2566252	0.2743990
0.3052681	0.3100803
0.2939639	0.4917529
0.4080852	0.4786886
0.2908150	0.8034938
0.3439727	0.6163271
0.3555147	0.7259957
0.2645484	0.9209354
0.2881080	1.2544826
0.3006076	0.8309367
0.3354054	1.0247011
0.3235387	1.3332092
0.3084450	0.9156655
0.3268859	0.9212531
0.3573218	1.0119663
0.2756860	1.0673062
0.3342236	1.1108796
0.3060965	1.0227218
0.3210133	1.0163411
0.3709481	0.0000000
0.2814634	0.0796595
0.4321365	0.2413078
0.4911196	0.3299549
0.4169809	0.4726112
0.3947133	0.4515444
0.4822768	0.5608676
0.4392079	0.7836252
0.4469300	0.8663914
0.4430917	0.8659267
0.3779619	1.1279358
0.4235194	1.0765421
0.3844659	0.8855072
0.3831190	0.9331911
0.4469486	0.9423349
0.3535575	1.0227895
0.4624667	0.9329300
0.4416611	0.8931987
0.4252650	0.9916816
0.3959677	0.9316993
0.3642387	1.0467529
0.5441697	0.0000000
0.4298675	0.1585485
0.5582451	0.1774696
0.4597424	0.3160158
0.5869993	0.3288993
0.4973630	0.4115957
0.4389798	0.6350868
0.5737935	0.7482543
0.5013752	0.7702252
0.4976856	0.8236490
0.4368539	1.0359734
0.4608042	1.0564283
0.4341454	0.9727147
0.4970157	1.0286427
0.4612085	0.7739842
0.3905745	0.9339652
0.4669191	0.8993485
0.5621958	0.9963393
0.5408212	1.0807644
0.5017795	1.1045587
0.4464021	1.0537462
0.5525854	0.0000000
0.6659494	0.0824073
0.7212967	0.2077732
0.5472124	0.3029792
0.5896879	0.3858686
0.5796824	0.5440617
0.5745273	0.6682495
0.6331612	0.7413906
0.4683360	0.7549143
0.5724316	0.8158226
0.6561196	1.0323448
0.5474746	1.0247598
0.6741285	1.1207866
0.5780274	1.0488863
0.6838220	0.9656254
0.6448207	0.8444349
0.5508763	0.9554806
0.5867923	0.8476230
0.5648889	0.9759896
0.5845682	1.0774063
0.5375582	0.9768620
0.8003858	0.0000000
0.7321904	0.0948307
0.7052389	0.2144904
0.7339018	0.3270747
0.7686756	0.5448447
0.6053493	0.5246852
0.7812192	0.6628619
0.5786783	0.6095714
0.8077791	0.8509622
0.6340480	1.0206785
0.6833212	0.9468032
0.6297056	0.9341407
0.5899910	1.0456081
0.6463849	0.8965029
0.7959094	1.0495378
0.7829654	0.8759402
0.7869460	0.8435767
0.7433675	1.0176488
0.6234325	0.9336566
0.7162164	0.9116637
0.7476921	0.9408038
0.7607334	0.0000000
0.8743755	0.0841132
0.8666679	0.1879384
0.9766442	0.2662853
0.7751359	0.3566338
0.6783323	0.5390017
0.7692834	0.7487429
0.7637323	0.8633623
0.8840526	0.8767644
0.9391096	0.8342678
0.7676389	1.1683678
0.8720764	0.9391793
0.8962804	0.9870075
0.7498157	0.9101099
0.8943911	1.0405475
0.8173318	1.0111794
0.7924799	1.0946508
0.7538868	0.9300648
0.9473065	1.0136268
0.7602807	1.0357035
0.7923434	1.1514669
0.8584757	0.0000000
0.9118628	0.0939333
0.8942169	0.2461280
0.9741448	0.2785585
1.0389335	0.3642785
0.7754029	0.4471956
0.8842198	0.5815490
0.7290955	0.5931245
0.9789156	0.6895495
0.8051654	0.8942682
0.7737518	0.9717831
0.9138737	0.9002913
0.7943142	0.9180790
0.8957541	0.9812049
0.8252449	0.9567410
0.9776578	0.8790063
0.9068387	0.9450192
0.9399801	1.0855746
1.0014149	1.1970623
0.8830714	1.0081221
0.8756244	0.9831447
1.0428342	0.0000000
1.0091779	0.1028229
1.0213183	0.1862930
0.9413399	0.3479392
0.9810597	0.3580748
0.9844195	0.5202155
0.8807250	0.4956992
0.9539829	0.7168415
1.0198638	0.9125063
0.8942268	0.8738256
1.0402339	1.0958896
0.9403882	1.1096102
1.0054142	1.1017131
0.9758160	0.9764407
1.0861500	0.9851154
1.0243254	1.0978961
0.8241036	0.8905620
0.9270332	1.0606151
0.9258969	0.8914605
1.0112656	1.0167878
1.0039918	0.9778214
0.9907071	0.0000000
1.1702933	0.1108926
0.8650183	0.2409128
1.0944484	0.2671873
0.9189323	0.3818421
0.8917615	0.5199160
1.0423408	0.6302950
0.9240408	0.7549117
0.9065416	0.7961454
0.9643361	0.9308721
1.0202287	1.1256630
1.0355947	0.9878029
1.0717831	1.1433238
0.9470131	0.9816812
1.0898200	1.0664197
0.9446630	1.0362812
0.9098801	0.9754421
0.9773783	1.0376305
0.9220876	0.9490805
0.7704882	0.9353789
0.9877250	1.0605483
1.0174022	0.0000000
0.9522816	0.1077282
1.0033153	0.1647284
0.8530163	0.2741310
0.9759972	0.5178325
1.0306311	0.5939842
1.0609745	0.5286271
1.0754567	0.6680349
1.0823033	0.6660463
0.9750427	0.9383633
1.0183273	0.9470546
0.9911238	0.9644094
1.1131607	0.9363044
0.9527711	1.0738960
0.9182150	0.9233485
0.9026285	1.0440719
0.8742363	0.9819947
0.9402442	0.9595437
0.9413920	0.9612928
1.0116878	1.2016939
0.9330975	0.9579394
0.9393853	0.0000000
1.0120739	0.0829508
1.0350209	0.2226338
0.8942364	0.2769367
0.9093430	0.4034211
1.0597492	0.5330002
1.0841767	0.5348481
1.0307733	0.6852025
1.1150003	0.7836820
0.9545596	0.8136366
0.9353704	1.1506027
1.0893871	1.1406435
0.9943404	1.0711622
1.0765364	1.0482038
1.0138872	0.9625207
0.8448208	0.8842501
1.0781360	1.1155636
0.9303241	1.1268356
0.9527414	0.9810379
0.9827236	1.0496294
0.9137828	1.1147176
1.0781043	0.0000000
1.0228056	0.1098510
0.9880711	0.1638346
0.9726485	0.3113266
1.0257900	0.5016123
1.0847008	0.5196657
0.8469525	0.5609576
0.9236193	0.6150156
1.1112227	0.7176124
0.8667269	0.9805341
1.1264506	0.8331405
0.9909049	0.8647057
1.0916923	1.0762321
0.9533237	1.0987931
0.8792644	1.1561712
0.9361149	1.0931312
0.9301431	0.9336595
1.0028946	0.9850154
0.8831358	1.0674175
0.9460099	1.0654277
0.9752985	1.1277079
0.9957151	0.0000000
1.0579671	0.1702356
0.9579086	0.2105244
0.8871362	0.2633671
1.0393390	0.3496735
1.1095384	0.4940200
1.1732186	0.5176314
0.8801557	0.8568679
1.0967046	0.7635179
0.9470445	0.8932577
0.8867276	0.8463625
0.8931963	1.0036618
0.9445195	0.9903776
0.9420119	0.9409742
1.0209950	0.9219080
0.9663874	0.9106506
1.1289511	0.8718752
0.8269386	0.8518453
0.9793089	0.8597387
1.0084840	0.9795856
1.0274819	1.0054478
0.9378176	0.0000000
0.8740948	0.0960672
0.9997670	0.1948131
1.0550704	0.3003269
1.1494730	0.4164424
1.0431381	0.5483207
0.9380494	0.5581200
1.0221512	0.5734670
1.0978677	0.7372094
0.9759816	0.7836746
1.2013887	0.9623810
1.0242401	0.9354851
1.0162789	0.9712299
1.0907880	0.9737019
1.1020470	0.9726734
0.9030366	0.9769413
0.9311258	0.9602216
1.0419959	1.0821410
1.0418260	0.9018928
1.1720597	1.1833171
1.0470913	1.1132356
0.9515125	0.0000000
1.0968466	0.0931281
0.9465607	0.2586704
1.0263128	0.3741539
0.9279071	0.3662963
1.1674457	0.5112772
1.2128513	0.5741529
1.1033386	0.7591063
1.1127990	0.7272215
0.9838591	0.9949844
1.0794612	0.9747275
0.9418142	0.9863746
0.8824755	1.1306221
0.9626145	0.9816728
0.9849960	0.8719560
1.1688340	1.0816478
1.1788323	0.9058141
0.9334511	1.2242952
0.9519775	0.9525224
0.9971039	1.0594668
1.0613733	1.0020901
0.9597153	0.0000000
1.0892015	0.0823871
1.0483880	0.2214560
1.1775730	0.2813622
0.9270660	0.3348120
1.0073527	0.5049021
0.9339167	0.7007861
1.0067482	0.5697793
0.9214288	0.7487535
1.0971471	1.0091669
1.0099909	0.9971693
0.9975989	0.9486143
1.0227745	0.9347052
0.8950974	1.1125682
0.9684841	1.0315540
1.2286801	0.9350164
1.0655553	0.8409054
0.8614765	1.0245708
0.8862935	0.8982430
0.9759376	1.1301225
0.8544406	0.9820186
0.9064883	0.0000000
0.8661655	0.1043350
1.0132433	0.2001256
1.1233571	0.3251906
1.0775452	0.3295561
1.0329386	0.4869069
0.9272618	0.6321066
0.9495991	0.6167852
1.0276658	0.7329754
1.0992809	0.9126332
0.9031218	1.1141657
0.9686363	1.1028374
1.0906914	1.0034489
0.9204405	1.0632687
1.0859146	1.0166331
0.8701833	0.8747343
0.9756160	1.0287860
0.9759631	1.1347157
0.9264860	0.8932063
0.9023050	1.0085256
1.0313791	1.1614195
1.0920806	0.0000000
0.8229439	0.0959799
1.0900060	0.2037024
1.0329912	0.2871288
1.0580980	0.4325743
0.9926981	0.5470888
1.0530715	0.6024455
1.1226650	0.7942160
0.9939922	0.7341972
1.0849960	0.9652241
0.9414516	1.0316575
0.9506800	1.0755798
0.9894100	1.2251945
0.9277990	1.1037633
1.1327140	1.0163996
1.1788023	1.0070937
1.1356356	1.0102583
0.9676510	1.0174318
0.9558930	0.9715923
1.0284620	1.1881156
1.0144033	1.0660072
0.0000000	0.0000000
0.0000000	0.1296229
0.0000000	0.1538412
0.0000000	0.3272189
0.0000000	0.3593837
0.0000000	0.3918182
0.0000000	0.5842303
0.0000000	0.6791556
0.0000000	0.9489155
0.0000000	0.9187246
0.0000000	0.9749074
0.0000000	0.9320247
0.0000000	0.8653277
0.0000000	1.0307121
0.0000000	0.8463862
0.0000000	1.1055985
0.0000000	0.9825254
0.0000000	1.0107316
0.0000000	0.9851174
0.0000000	0.9169485
0.0000000	1.0999533
0.1817845	0.0000000
0.0698065	0.0898812
0.1061135	0.1903662
0.1057299	0.3012883
0.1107183	0.4574726
0.0928929	0.5590440
0.1279903	0.6258328
0.1331430	0.6673590
0.0580548	0.7901021
0.1633980	1.0206666
0.0971716	1.1099943
0.1445820	0.8826567
0.1382635	0.8294007
0.0685475	1.0971359
0.1021083	0.9512621
0.1210441	1.0004540
0.0965599	0.8983305
0.1159184	1.0173256
0.0484615	0.9725652
0.1265874	0.8276237
0.1256631	0.8777379
0.1465950	0.0000000
0.2552825	0.1007290
0.2296560	0.1712054
0.1832852	0.3385622
0.1897998	0.3467721
0.1678505	0.5623684
0.2889722	0.5563469
0.2245763	0.6999882
0.2938691	0.8616317
0.1601982	0.9137874
0.2102659	0.9727761
0.2344543	0.9134682
0.2294242	1.0306440
0.1937405	0.9253671
0.2433369	0.9836059
0.1864862	1.1241857
0.2725209	1.1437864
0.1966452	0.9213524
0.1429828	0.9637170
0.2293441	1.0556584
0.2422232	0.9460893
0.3000158	0.0000000
0.3059634	0.1205354
0.4228340	0.1941278
0.2111280	0.2811309
0.2185079	0.3798984
0.2698697	0.4499073
0.2623403	0.5217767
0.3021168	0.6802641
0.2925396	0.8493130
0.2571615	0.9659217
0.3070351	1.1083036
0.3228917	1.1111014
0.3314258	1.1504181
0.3779015	0.7873823
0.3215085	1.0898687
0.3059555	0.8956180
0.2885652	0.9952588
0.3193483	1.0267711
0.2207944	0.9425892
0.2510418	0.9994141
0.3296988	0.9872805
0.4646316	0.0000000
0.5181628	0.0860366
0.3446040	0.1883742
0.3927857	0.2857281
0.3709187	0.4018557
0.3737988	0.5429339
0.3716523	0.6097020
0.4313473	0.6235515
0.4405878	0.8686455
0.3995640	0.9434336
0.4928621	0.7600311
0.3132146	0.8235692
0.4631682	0.8707282
0.4126566	0.8326346
0.3907413	1.0878523
0.3833810	1.0227519
0.5242049	1.0400004
0.4478566	0.9469581
0.3950196	0.9368548
0.3367551	0.9924886
0.4600914	0.9593948
0.5722839	0.0000000
0.4320142	0.1288607
0.6627504	0.1874444
0.4411977	0.3628909
0.5348108	0.4309127
0.3819887	0.4320048
0.4902070	0.4699816
0.4639693	0.7218159
0.5361040	0.8596128
0.5820801	0.8570255
0.4250436	0.8324425
0.4816295	0.9709534
0.5587677	1.0143071
0.5297917	0.9323072
0.4566907	0.9270294
0.4448059	0.9229089
0.5639061	1.0796534
0.4659090	1.1166529
0.4664047	1.1959299
0.4328015	1.0165946
0.4927163	1.0988758
0.5737912	0.0000000
0.6960939	0.0822847
0.5797268	0.1391875
0.6440771	0.2621814
0.5741420	0.4123403
0.5301383	0.4831967
0.5691660	0.6035745
0.6342297	0.6442334
0.6527690	0.8299918
0.4723494	0.7480598
0.5506665	1.1171616
0.7008968	1.1683042
0.6576081	1.1119248
0.6182561	1.0880517
0.5922822	0.8772423
0.5290816	0.9019546
0.5095888	1.0954322
0.5846069	1.0596559
0.5740080	0.9628448
0.7299090	1.0839509
0.4532137	0.8674260
0.7635459	0.0000000
0.6436653	0.0773777
0.6892453	0.1955776
0.8064752	0.3186931
0.6997977	0.4235200
0.7320976	0.4230492
0.7181439	0.6397589
0.6025807	0.7395018
0.7365470	0.8594251
0.7149107	0.9603560
0.7735545	1.0223898
0.6906530	1.0828063
0.5217228	1.0434624
0.6657384	1.0139688
0.8106526	1.1498602
0.6284669	1.0235271
0.7805245	1.0293061
0.6794009	0.8389887
0.6525602	1.2099554
0.6439105	1.0124552
0.6524566	0.9070368
0.7710312	0.0000000
0.7740980	0.1125657
0.7744660	0.1619134
0.8682242	0.2129440
0.8598107	0.3233354
0.8234668	0.4570494
0.9312520	0.6007039
0.7957027	0.7356348
0.7633165	0.7174119
0.7316812	1.0081884
0.7428599	0.8511650
0.7256247	0.9738835
0.8145949	1.1467174
0.7466976	1.0369476
0.8155075	1.0173368
0.8163844	1.1063556
0.8827259	1.0037345
0.7888868	1.0614185
0.6825945	1.0767391
0.9300531	1.0475717
0.7433471	0.8499838
0.9005304	0.0000000
0.9334471	0.2242114
0.7567239	0.1576329
0.8168121	0.2931142
0.8561295	0.3091821
0.9522568	0.5300964
0.9426211	0.7057698
0.9147571	0.6488706
0.8670691	0.8250263
0.9073368	0.8898807
0.8539476	0.8832816
0.9007369	0.9642438
0.7725838	0.9199191
0.8766999	1.3294531
0.8129301	0.8857607
0.8105947	0.8793063
0.8518587	0.9426113
1.0067683	0.9114981
0.9162058	0.8856047
0.7620875	0.9858609
0.9406455	1.0359104
1.0248794	0.0000000
0.9073834	0.1061550
1.0188176	0.2640160
1.1426259	0.2841601
0.9505413	0.5514998
1.1963891	0.4553979
1.0713849	0.5435645
0.8961259	0.6506014
1.0415580	0.7615636
0.8693344	0.7934696
0.9871992	0.9525066
1.1958611	0.9398354
0.9537824	1.0586569
0.8573614	0.9751612
1.0023039	1.0802245
0.9622846	0.9114918
1.2101925	1.0672153
0.9880715	1.0060962
1.0091756	1.1155557
1.0158558	0.7971250
1.0191592	1.0186025
0.9803059	0.0000000
0.9559817	0.1133361
0.9403173	0.2301397
1.1863996	0.2604665
0.8665834	0.4858117
1.1881409	0.4417695
1.1022236	0.6950173
0.9592230	0.7456953
0.8929002	0.7977218
0.9429970	0.9084332
1.0458064	1.0480637
0.9480303	1.0148035
1.1785866	0.9958130
0.9981236	0.9098788
0.9518906	1.1131051
0.9797918	0.9208793
1.0459346	0.9124312
0.9400352	0.9478059
1.0672349	1.1480009
0.8908543	0.8899301
1.1029374	0.9874725
0.8303211	0.0000000
1.1845817	0.0934973
0.9865516	0.2386587
0.9168578	0.2483287
0.9286677	0.4926094
0.9524257	0.5322114
0.9651151	0.5706600
0.9535833	0.5920350
1.0016744	0.8864249
1.0749869	0.8717034
0.9119296	1.2061047
1.1783163	1.0536523
0.9802781	0.9546502
0.8060411	1.0006598
1.0535228	0.9982485
1.0553998	1.0839526
1.0504304	0.9460474
1.0122997	0.8912902
0.8372033	0.9514033
0.9492950	0.9062854
0.8031118	1.0298085
0.9327694	0.0000000
1.0526111	0.0982432
0.9731320	0.1519038
0.8791751	0.2746346
0.9639325	0.3617220
1.0952666	0.4821989
1.0594525	0.6796309
0.9991582	0.7427183
0.9503899	0.9390498
0.9902215	0.8120167
1.0388793	1.0825719
1.0016617	1.2034348
1.0455469	1.2022921
0.9653234	0.9173961
0.9281825	1.0109566
1.1628984	1.1538587
0.8964902	1.0733854
1.0788240	0.9253790
0.9822554	0.9110139
1.1500200	0.9329834
0.9882867	1.0573971
0.9115312	0.0000000
0.9211308	0.1058154
0.9989725	0.2023096
0.9771462	0.2770206
0.9966634	0.5080435
1.0335383	0.6147734
0.9389624	0.6581375
1.0794128	0.6743221
0.8766013	0.8678943
1.0512653	0.8216059
0.9006842	0.9157581
1.0987807	1.1303120
1.0202535	1.0027570
0.9090851	1.1394544
1.1124878	1.0789144
1.0240481	1.0407981
1.0227361	0.9664074
0.9098891	1.1065234
0.9689520	0.9631384
0.9808003	0.9101291
1.0184578	0.8894976
1.1251800	0.0000000
1.0582562	0.1031344
0.8109340	0.1880220
1.1016301	0.4015433
1.0365163	0.4014302
1.0271507	0.5936608
1.0370502	0.6196409
1.1028599	0.6450129
0.8970561	0.6922708
0.9795230	0.9451640
0.9442523	0.9143594
0.9543579	0.9975985
1.0579024	0.9065611
1.0588983	1.0815666
0.9974757	1.1291201
0.9984659	1.0312185
1.0146524	0.9785659
1.0649695	1.0194478
1.1664127	0.9163500
1.0343333	1.0034184
0.9833498	0.9126870
1.0333126	0.0000000
0.9571966	0.0959298
1.1544838	0.1722494
1.0104316	0.3288156
1.0143304	0.2857890
1.0896521	0.5655692
1.2546033	0.5904233
0.9349461	0.8197926
0.9489699	0.7436776
0.9325149	0.9107938
0.9796719	0.9887559
1.0816483	1.0448376
0.8429803	1.0116191
1.1518214	1.0433699
1.0494323	0.9625560
0.9768897	1.0279765
0.9065774	1.0742301
1.1803769	1.0641597
0.9876578	1.0553435
0.9012445	0.9640430
0.9197347	0.9100652
0.9550202	0.0000000
0.8390073	0.0857907
0.9341841	0.2271047
0.9642043	0.2846285
1.0053681	0.4205612
1.1513610	0.5730967
1.1073928	0.5474102
0.8767863	0.6848410
1.2059065	0.9489467
1.0127202	0.9107066
1.0845729	0.9452320
0.8051630	0.8798308
1.1170480	0.9364001
0.9634595	1.0945602
0.9355472	0.8710813
1.0200969	0.8381675
0.9536817	1.0441695
1.0461219	1.0536049
0.8341727	1.0405240
1.0765087	1.1414381
1.0579050	1.0261648
1.0018069	0.0000000
0.9052178	0.1386079
0.9125842	0.1908162
1.1280014	0.3504172
0.9354810	0.4015574
0.9178016	0.4345457
0.9005802	0.5309459
1.1153355	0.6556601
0.9940776	0.7047924
0.9077792	1.0444457
1.0774915	1.0326692
1.0433050	0.9871264
0.9688951	0.9481037
1.1432953	1.1956185
0.9717717	0.9344768
0.9921341	1.0024489
0.9227400	0.8924017
1.0842998	0.9710148
1.0263670	0.9373590
1.0689550	0.8357004
0.8943201	1.1896274
0.8861110	0.0000000
0.9017046	0.0774435
0.9597475	0.2523774
1.1284138	0.3311018
0.9208581	0.4409203
1.0111291	0.5656724
0.8090409	0.5754188
0.9401369	0.6844587
0.9617561	0.7340889
0.9354892	0.8795779
1.0775690	0.9568910
0.9680532	0.8377774
1.0773215	1.0926473
1.1009119	1.0553061
0.8957027	0.9975006
1.0292410	1.1171157
1.0044132	1.0027473
1.0688983	1.0222010
1.1452799	1.0207231
0.8950232	0.9888512
1.1077128	1.0594254
0.9522177	0.0000000
0.8696293	0.0586198
1.0180357	0.1906978
1.0039672	0.3560569
1.0036458	0.5516476
0.9568268	0.3929523
0.9933983	0.4876740
1.0888234	0.7083590
0.9825027	0.8442005
1.0550946	0.9296949
0.9645728	0.8341320
0.9512820	1.0807425
1.0640091	0.9608653
0.9347832	1.0829693
1.0264330	0.9693366
0.9144105	0.8972287
1.0174780	0.9410512
1.1418914	0.9059993
0.9191219	0.8775752
1.0113353	1.0664246
1.0610693	0.9721358
0.0000000	0.0000000
0.0000000	0.1089431
0.0000000	0.1960639
0.0000000	0.2823116
0.0000000	0.3249556
0.0000000	0.4682628
0.0000000	0.5879615
0.0000000	0.7269141
0.0000000	0.8039457
0.0000000	0.8206458
0.0000000	0.9106064
0.0000000	0.8329259
0.0000000	0.9450793
0.0000000	0.9084509
0.0000000	0.9475110
0.0000000	1.0995208
0.0000000	0.7682155
0.0000000	1.0191603
0.0000000	0.9951281
0.0000000	1.0377314
0.0000000	0.9370941
0.1077495	0.0000000
0.1319936	0.1104295
0.1331207	0.2730265
0.0906911	0.3352199
0.1104155	0.3910099
0.1108207	0.5163495
0.0816236	0.5767406
0.1035632	0.7488635
0.0563108	0.7623692
0.0745487	0.8053847
0.1024753	0.9754588
0.1312461	0.9490907
0.1763107	1.0092224
0.1068520	0.9889430
0.1388938	1.0192926
0.0708488	1.1282476
0.1165236	0.9369700
0.0773446	0.9846667
0.1269088	1.1713922
0.0984196	1.0160598
0.1035913	0.9298995
0.2471372	0.0000000
0.2264006	0.0769062
0.2219511	0.2035976
0.2092345	0.3970762
0.2062229	0.3571471
0.1731966	0.4451578
0.1790526	0.5035584
0.1997348	0.6861906
0.2136570	0.9058825
0.1577376	0.8438669
0.2068877	1.2181949
0.2939117	0.9263891
0.1903494	0.9179225
0.1852200	0.9117841
0.2132952	1.0177495
0.1457880	0.8186223
0.2204630	1.1034168
0.1838781	0.8821287
0.1925841	1.0764860
0.2506760	1.0369426
0.2197719	1.1306225
0.3230601	0.0000000
0.2904447	0.1124770
0.4343143	0.1841747
0.3123783	0.2770364
0.2584384	0.3922165
0.3501045	0.4432363
0.2505844	0.6458195
0.3233193	0.6901653
0.3097346	0.7013357
0.2166234	0.8309647
0.2761144	0.9047516
0.2830961	1.1488396
0.2543422	0.9708190
0.2869031	1.1559419
0.3410400	0.9113642
0.2947160	1.0057556
0.3305133	1.0846332
0.2752048	1.0819667
0.3768894	0.9921727
0.3037908	0.9580889
0.2219116	1.1112684
0.4789282	0.0000000
0.4092359	0.0877924
0.3782053	0.2606597
0.3622005	0.2539835
0.4763982	0.4066888
0.4046035	0.4995174
0.3920704	0.5776990
0.4420772	0.7206323
0.3650400	0.8165588
0.3151927	0.8937387
0.4726617	1.0804863
0.4705382	0.9083438
0.3488952	1.0209643
0.4236172	1.1328565
0.4337742	1.0312612
0.4682087	1.0067795
0.3237962	0.8832963
0.3655080	0.9378484
0.4443993	0.9894426
0.4345698	0.8485410
0.3941315	0.9739150
0.5302999	0.0000000
0.5082908	0.0909982
0.4577413	0.1601667
0.5441380	0.3204243
0.4327196	0.4647018
0.5375041	0.4857124
0.4369260	0.6258049
0.4368698	0.7149629
0.4978857	0.7087319
0.5893891	0.9592783
0.4041746	0.9878924
0.4873871	1.1230924
0.5207231	0.9889840
0.4554614	1.1563213
0.5157730	1.0013743
0.4078253	0.9412972
0.6901931	0.9016228
0.4230973	1.0919171
0.5557470	0.8709506
0.5649095	1.0278989
0.4500402	0.9762706
0.5783308	0.0000000
0.7081170	0.0862163
0.6068959	0.2041751
0.5773415	0.3891913
0.6479216	0.4166657
0.4818350	0.5210091
0.5421233	0.5114479
0.5527765	0.6446475
0.5757439	0.8224374
0.7020355	0.7952251
0.6668710	1.2259669
0.6480672	0.9398482
0.5826878	1.0007774
0.6007318	0.9202165
0.5999021	1.0881982
0.6633197	1.0388643
0.6966698	0.8341270
0.6118008	1.0523995
0.6314865	0.9259834
0.6293409	0.9202746
0.5396805	1.0052539
0.6819559	0.0000000
0.8162656	0.0943057
0.6363101	0.2154013
0.6323328	0.2734891
0.7278427	0.3853486
0.5599431	0.5202507
0.8623487	0.5633571
0.7532837	0.8726160
0.7352496	0.7342887
0.7145090	0.8219405
0.6691476	1.0382850
0.7294590	1.0444861
0.6627038	1.0403756
0.6685670	0.9281975
0.7128377	0.9843502
0.6673158	1.0068158
0.6809154	0.9429225
0.7377893	0.8670715
0.8681645	0.9275297
0.7250331	0.7554859
0.8018511	0.9821428
0.7676864	0.0000000
0.9996637	0.0758469
0.7943921	0.1645782
0.6858679	0.2460444
0.7689701	0.4045429
0.7881945	0.4692137
0.7619707	0.5983845
0.7010234	0.8220335
0.8587974	0.7569424
0.8781377	1.0231128
0.8183603	0.8857145
0.7512955	0.8666852
0.7806158	1.0095927
0.6519252	1.0499902
0.8428010	1.0860952
0.7581169	0.9901030
0.8085957	1.0513552
0.9702953	1.0361673
0.8466961	1.0239586
0.8450910	1.1613975
0.7115066	1.0395573
0.9421967	0.0000000
0.7207634	0.0782397
0.7944239	0.1791098
0.8124100	0.3715140
0.9037748	0.3911542
0.8697463	0.5187175
1.0952413	0.5228379
0.8047063	0.5167704
0.8352874	0.8002002
1.0512046	0.7853793
0.9224436	0.9931727
0.9585291	1.0747936
0.9166345	1.0000187
0.8669339	1.0406807
0.9333924	0.9790985
0.9131693	0.9416539
0.8876303	0.9159511
0.8778529	0.9299174
0.9056679	1.0516203
0.8828085	1.0762174
0.9153666	1.1079531
0.8942727	0.0000000
1.1450169	0.0832497
0.9071890	0.1592868
0.9964814	0.2630854
0.9154631	0.3096080
0.9157666	0.4378826
0.9731166	0.6270958
0.8601274	0.6824435
1.0098979	0.8726837
1.0496416	0.8896637
0.9421414	1.0392919
1.0177851	0.9652571
1.0198103	1.1257270
0.9396056	0.9052812
0.8025028	1.1155434
0.9871663	0.8403778
1.0277489	1.1546925
1.0544023	1.0563449
1.0936016	1.0123199
1.0718855	1.1503986
0.9795733	1.1743204
0.8857418	0.0000000
0.8874253	0.0884405
1.0183186	0.1536772
1.1307558	0.2422428
0.9796623	0.4250244
1.0464025	0.6167187
1.1718236	0.5319655
0.8875617	0.7958170
0.9636065	0.7911924
1.1378906	0.8596906
1.1672158	0.9632447
0.9560136	0.9855720
1.0486807	0.9026040
1.0339759	0.9734684
0.9537595	0.9280299
1.0279719	0.9665852
0.8902828	1.0654246
0.9095392	0.9465756
1.0444153	0.9050541
0.9497654	1.0173067
0.9170855	0.9904726
0.8819207	0.0000000
1.0412419	0.1164844
0.9618245	0.1950707
1.1453357	0.2802359
0.9738693	0.3367871
1.0341714	0.4523402
0.8983744	0.6706772
1.1198703	0.7510728
0.8765886	0.7650912
0.9981904	0.9350886
1.0973474	1.0506416
1.1131388	1.1117337
0.9480901	1.0783732
1.0112713	1.1818245
0.9243044	0.9800376
0.8843148	0.9628589
0.8363749	1.0539499
0.9431430	1.0381000
0.9961481	1.0374423
1.0250793	1.0212160
1.2064556	0.9703078
1.1137412	0.0000000
1.2574839	0.0947338
1.0045420	0.2927667
1.1631498	0.2155247
1.0136267	0.3770024
0.9546418	0.5262722
1.1182300	0.5729170
1.0918693	0.6676336
1.0459529	0.6323347
0.9771246	0.8559690
1.0883693	0.9728122
0.8238421	0.9522202
0.9283634	1.0861518
1.0105113	0.9022674
1.1245178	1.0818513
0.9210648	1.1052428
0.9864648	0.9831676
1.1349784	1.2112619
1.0164732	0.8869003
0.9225462	0.9328256
0.9803184	1.1220934
1.0853485	0.0000000
0.9808319	0.0866008
0.9922643	0.1947039
1.0382184	0.3664077
0.9755046	0.3742093
1.0316051	0.4879144
1.0085318	0.6404909
1.0906752	0.6195201
0.9677129	0.7231438
1.0610880	0.8577855
0.8826271	1.0708151
1.0117206	1.0930759
0.8528616	1.1263179
1.0617318	0.9938208
1.0454243	0.9567754
1.1152725	0.9367983
0.8942983	1.0756882
1.1286752	0.8222261
0.8834839	0.8979343
1.0299350	0.9533399
0.9884457	1.0739631
1.0892722	0.0000000
0.9712660	0.0699422
1.0351204	0.2859480
1.0235826	0.3406317
0.9642768	0.4373089
1.0280573	0.5041552
0.9224283	0.5213340
1.1828302	0.6204232
0.9841219	0.7861402
1.1078420	1.0196994
1.1064462	1.0977295
1.0176894	1.0797211
1.1139965	1.2395037
0.9415779	0.9625772
0.8810918	1.0502606
0.9615298	1.1003512
1.0272113	1.0772217
0.8776137	0.9655299
1.0353902	1.1657133
1.0353596	1.0052445
0.8158636	1.0080075
1.0587917	0.0000000
1.2003978	0.1018876
1.0391821	0.2200493
0.8994413	0.3706371
1.0436988	0.3044353
1.0459718	0.5025354
0.8728349	0.6297088
0.9081352	0.7799723
1.0085457	0.6543443
1.0607358	0.9013157
0.9134640	0.9454511
0.8999363	1.1220769
1.0710843	1.0673580
0.8830308	1.0875036
1.0670988	0.9720421
1.2073034	0.9685551
1.0348016	1.0319677
1.0118980	0.9791475
1.2271913	1.1462519
0.9193769	1.0437464
0.9540572	0.9813002
0.9960649	0.0000000
1.1285391	0.1044152
1.1064919	0.1927408
1.1037151	0.3028033
1.1584802	0.3556239
1.0352459	0.5028331
0.8250855	0.5882294
0.9150663	0.6678774
1.1623032	0.7551743
1.0453882	0.8964348
1.0604697	1.0615504
0.9801617	1.1490682
1.0357584	1.1013816
0.9671607	1.0005336
1.1673280	1.1364083
1.0014122	1.0916378
0.9612769	1.0607026
0.9224755	0.8877898
1.0585429	1.0823322
1.0193590	0.9755777
0.9362223	1.1007115
1.0464844	0.0000000
0.9601598	0.0557954
1.1019400	0.1831997
1.0491864	0.2762221
0.8363684	0.4681654
0.9590444	0.4846521
0.9127896	0.6728680
1.0977224	0.6291309
1.0535160	0.7955649
1.1120637	0.9543106
1.0840271	0.9524943
1.0881570	0.8936086
0.8722724	1.1688926
0.8591318	1.0154232
1.1635829	0.9904515
0.9403638	0.9833128
1.0576189	0.8656109
1.1256066	1.0731617
1.0716359	1.0488447
0.9835870	0.8896064
1.1106343	1.0255664
0.9148200	0.0000000
1.0727740	0.0965116
1.0150789	0.2019202
1.0029393	0.2472157
0.9549290	0.4744749
0.9757796	0.5099679
0.9925080	0.6138980
1.0774784	0.6849891
1.1010027	0.7370179
0.9393523	1.0382420
0.8573295	0.8616315
1.0399777	0.9640659
1.0439338	1.0941427
1.0091455	0.9766121
0.9469620	1.0085970
0.9798012	1.0608643
1.0028672	0.9872224
1.0531740	0.9954908
1.0683986	0.9961951
0.9013407	0.8690987
0.9829303	0.9808637
0.9586114	0.0000000
1.1684639	0.0965039
0.8581043	0.1851446
1.0162006	0.2459852
0.9509318	0.3648851
1.0992853	0.4837827
0.7762884	0.4914259
0.9215345	0.6619293
0.9252191	0.7837898
1.0327501	0.8905988
0.8985821	0.9356007
1.0391132	1.0871508
1.1993953	1.1240552
0.9843605	1.0618661
0.9926315	1.1190363
1.0364074	0.9294135
0.9129715	1.0067003
1.1438285	0.9982424
0.9973432	0.9939334
0.9270491	1.1477255
0.7942834	0.8861668
0.0000000	0.0000000
0.0000000	0.0815570
0.0000000	0.2197177
0.0000000	0.3427099
0.0000000	0.3987310
0.0000000	0.4606604
0.0000000	0.5707377
0.0000000	0.8038421
0.0000000	0.7510960
0.0000000	0.9918799
0.0000000	1.0096161
0.0000000	0.9920693
0.0000000	1.1143132
0.0000000	1.0374309
0.0000000	0.9869519
0.0000000	1.0930669
0.0000000	0.9950468
0.0000000	0.9947276
0.0000000	1.0032468
0.0000000	1.1212557
0.0000000	0.9218648
0.0640869	0.0000000
0.0861426	0.0725524
0.1278008	0.2086375
0.0928671	0.2625533
0.0948404	0.3981094
0.1067305	0.4817533
0.1305586	0.5375531
0.0926336	0.8267852
0.1482441	0.8752215
0.0964890	0.8993484
0.0643188	1.0684951
0.1200391	0.9255711
0.1142200	0.9884014
0.0788623	1.0445643
0.0904971	0.9683907
0.0884509	1.0920312
0.0867010	1.0402024
0.1381707	1.0584371
0.1306608	0.9660406
0.1203643	1.0162331
0.1085357	0.9709852
0.3351117	0.0000000
0.2479414	0.0863805
0.2282492	0.1651712
0.1523174	0.3348464
0.1607331	0.4518841
0.2293339	0.5144329
0.1710213	0.4098579
0.1842551	0.6873984
0.1703269	0.8971104
0.2006664	0.7298372
0.2094506	1.0142807
0.1953244	0.9533921
0.1616886	0.9347710
0.1939507	0.9792413
0.1522411	1.1144826
0.1790879	0.9486697
0.2733877	0.9221503
0.2212406	1.0966690
0.1836222	0.9963694
0.1660307	0.9199263
0.1532349	1.1407722
0.2675326	0.0000000
0.4325248	0.0967592
0.2216353	0.2399796
0.3193455	0.2661559
0.2523483	0.3513508
0.3249784	0.4806410
0.2519176	0.6688054
0.3865925	0.6407040
0.3120397	0.7801153
0.3365335	0.9951799
0.2489269	1.0474721
0.3567844	0.9540381
0.3890910	1.0518946
0.2949141	1.0755129
0.2588387	1.0630028
0.3217194	0.9904432
0.2778181	1.0446599
0.2710384	1.0288503
0.2897048	0.8853728
0.2671722	1.0184367
0.2921094	1.0784911
0.3513601	0.0000000
0.4040542	0.0882343
0.3519622	0.2146150
0.3556836	0.2642155
0.2981739	0.4256788
0.2880787	0.4636997
0.3360133	0.6583905
0.3676949	0.6355048
0.4365412	0.7002093
0.4905055	0.8784630
0.4338773	1.1481964
0.3802289	0.9580754
0.3803286	1.0632308
0.4083462	0.9946380
0.4575973	1.0766258
0.2820789	0.9485635
0.4314887	0.9790626
0.3555696	1.0435628
0.4377853	0.9703291
0.3950173	1.1311208
0.3483604	0.9052793
0.4835624	0.0000000
0.4992218	0.0883854
0.3872335	0.1709382
0.5501006	0.3014250
0.4433056	0.4562438
0.4979163	0.5332910
0.5915586	0.6159386
0.4810130	0.7307802
0.3941462	0.8676664
0.5979342	0.9041260
0.4275408	1.0467822
0.6545877	1.0870743
0.5115222	1.0199350
0.5204027	1.0421304
0.5168297	1.0798808
0.4832708	1.0429321
0.5201641	1.0375635
0.4911034	0.9890011
0.5091983	0.9641418
0.4963263	1.0802724
0.4697247	0.9405255
0.6509482	0.0000000
0.5710809	0.1007745
0.5030690	0.1741238
0.6557099	0.3316498
0.4954884	0.4339669
0.5406213	0.5461871
0.6369707	0.5220662
0.5801785	0.7474459
0.5806834	0.9459385
0.5691642	0.8096462
0.6903003	0.8126865
0.5367742	1.0029544
0.6611098	0.9921387
0.5724711	0.9045931
0.5490846	0.9549050
0.5676049	0.9381135
0.5865640	1.0540052
0.5784268	1.0538815
0.7642593	0.9490651
0.6034467	0.9085115
0.4803915	0.8609236
0.6871360	0.0000000
0.7348002	0.0960523
0.6784672	0.2312645
0.7073394	0.3404827
0.6672580	0.3184763
0.7345189	0.5472711
0.7040273	0.7076593
0.7482524	0.6272103
0.7172055	0.7448291
0.7444972	0.9161692
0.7166013	0.9496148
0.7358298	1.0930813
0.6951808	1.1055602
0.5540104	1.1435887
0.6180573	1.0502524
0.6884921	1.1865274
0.7012063	1.0397142
0.6453523	1.0112266
0.7098282	1.1498947
0.7442269	0.9608714
0.7617383	1.1821016
0.8782941	0.0000000
0.8038804	0.1222593
0.7588259	0.1410476
0.7899569	0.3392207
0.9227244	0.4903108
0.7184797	0.4228307
0.8862739	0.6070043
0.7010274	0.6545315
0.7970806	0.6895946
0.7571732	0.9219157
0.9104840	0.9151877
0.6776150	1.1895907
0.8622497	1.0876465
0.8919579	0.9618922
0.8160129	0.8930424
0.7912800	1.0506550
0.9283455	0.8413465
0.9036853	0.9248301
0.8994047	1.0203289
0.7415470	1.1164635
0.7530489	1.0650373
0.9324095	0.0000000
1.0278574	0.0646277
0.8618923	0.2604991
0.8432812	0.2761809
1.0098579	0.3969862
0.8746147	0.5196999
0.9208339	0.5233086
0.9859298	0.7182453
0.7939898	0.7948869
0.8042346	1.0019826
0.9184192	0.9837107
0.8782191	0.9458351
0.9849658	1.1506071
0.9686214	1.0128476
0.7008006	1.0248207
0.9298679	0.9026461
0.8215220	1.0808228
0.9168524	0.8230084
0.8429776	1.0073664
0.8806732	0.9548829
0.7974846	1.1259234
0.9410991	0.0000000
1.2061794	0.1069893
1.0712742	0.2000347
1.0505977	0.2797888
1.0693064	0.4708602
0.9907249	0.5578445
1.0579405	0.5117857
0.9988975	0.6018987
1.0095450	0.7765019
0.9445327	1.0019235
0.9805671	1.0050193
0.9730851	1.0722583
0.9356091	1.0363117
1.0023620	0.8521882
0.9328697	0.8729057
0.9303981	1.1109843
1.0742960	1.0164316
1.0058120	0.8872120
0.9253536	1.0934179
0.9598987	0.9493187
0.9500272	1.0396177
0.9493033	0.0000000
1.0371481	0.0758307
1.0110633	0.1888895
0.9670329	0.3031866
1.0443378	0.4337681
0.9096138	0.4811585
0.9425038	0.6441301
1.0919431	0.6627641
1.0890502	0.7184443
0.8881514	0.9254884
1.0726880	0.9629055
0.9517060	1.0101796
1.0225032	0.8470054
1.2526555	0.7951217
0.9519910	1.0074231
1.0586411	1.0696718
0.8947642	0.9955207
0.9501306	0.9422463
1.0973781	0.9559933
0.8477835	1.0552944
1.0701398	0.9425005
0.9948362	0.0000000
1.1693329	0.0907988
1.1183172	0.1853916
1.0760862	0.2596715
0.9506082	0.4501475
0.9589714	0.4888434
0.9460660	0.5858222
0.9531986	0.7059407
1.1021133	0.8476933
1.1627800	0.9520790
1.0105079	1.0482749
0.8869221	1.0186243
1.0024590	0.9371682
0.9472932	1.0008512
1.0590836	1.0647745
1.0104295	0.7488258
1.0159100	0.9016471
0.9807530	1.0275030
0.8479888	0.9742824
0.9706737	0.9865973
1.0048500	1.0744832
1.0679115	0.0000000
0.9588589	0.0933442
1.1807790	0.2261881
0.9522499	0.2831082
1.1445337	0.4296829
0.9593523	0.4990253
0.9749019	0.6103930
1.0020482	0.7669093
1.0789657	0.7145313
1.0455873	0.7449613
0.9985770	0.9430231
0.9095941	1.0984019
1.1776186	1.0069968
1.0097093	0.9033632
0.9528836	0.9383086
1.1073155	0.9978634
1.0280118	0.9804433
1.0789977	1.0182452
0.9362364	1.1654221
0.9505896	0.9942204
1.0272926	0.9206304
0.9223622	0.0000000
1.1800209	0.0723831
1.1596406	0.2293809
0.9837164	0.3467151
0.9134493	0.3567667
0.7762022	0.4567036
0.9437924	0.5828956
0.9577842	0.7226946
1.0840541	0.7046387
1.0494661	0.9265226
0.9970359	0.9748465
0.9904794	0.8818452
1.0368639	1.1434064
0.9108307	0.9833218
0.9927095	0.9828790
0.9700705	1.0261966
1.0467553	0.9635106
1.0296868	0.9577570
0.9438869	0.9985658
0.9077895	1.0116130
0.9840115	0.9265514
0.9423958	0.0000000
1.0188634	0.0915447
0.9826295	0.1960465
0.9654712	0.4641787
0.9034443	0.4029059
0.9423602	0.5527644
1.0153916	0.6048151
1.0584398	0.6953037
0.9667711	0.8590329
1.0536036	0.9563173
0.9096393	0.9967059
1.0535207	0.9600675
0.9763373	1.0463814
1.1279554	0.9176858
1.0774036	0.8965905
1.0522342	1.0917489
1.1685295	1.1073051
1.1531700	1.0040091
1.2329151	0.9715308
0.9280341	1.1074653
0.9868522	1.1693855
1.1326808	0.0000000
1.0452131	0.0870643
0.9878601	0.1569981
1.0047140	0.3464542
1.1378328	0.3767845
0.9907265	0.4781124
1.0042777	0.5770903
0.9818062	0.6650018
1.0482500	0.7461463
1.1068044	1.0187663
0.9447484	0.9398519
0.9875549	0.9495039
1.0431210	1.0286023
0.9102042	1.0115439
1.1199121	0.8561499
1.1061675	1.0884485
1.0207047	0.9231483
1.1158009	0.9117459
0.9814315	1.0219923
0.9468519	0.9590376
1.0523514	1.0672566
0.8527115	0.0000000
0.9108712	0.0890043
1.0501312	0.1710930
0.9005819	0.3312018
0.8874509	0.4072557
0.9809943	0.6489902
0.9739287	0.5948571
0.9064252	0.6477859
0.8320483	0.8471673
1.0128024	1.0793376
0.8192176	0.8878995
0.9174834	0.9914284
1.0320195	0.9703991
1.0518046	1.0873003
1.2381377	1.0445917
0.8662513	1.0124335
0.9958739	1.1064576
1.0148051	1.2485609
1.0027217	0.9774956
1.1665625	0.9486958
1.0221209	0.9772552
0.9839749	0.0000000
0.9877514	0.0622592
0.8997062	0.1431474
1.0481917	0.3453685
0.9855981	0.4344758
1.0865936	0.6664181
1.0400377	0.5598985
1.0036363	0.7946989
0.9864322	0.7714585
0.9399376	0.8971307
1.0363771	0.9730873
1.0120946	1.1058418
1.0836437	0.9663531
1.0209799	1.1789432
1.0291693	1.1180780
0.8979633	0.8701979
1.1028804	1.0909075
1.0281843	1.0125665
0.8948370	0.9490705
1.0231749	1.2274363
0.9538638	1.0871120
0.9354721	0.0000000
1.0833978	0.0845676
0.9978408	0.2082873
1.0535646	0.3569794
0.8243461	0.4218712
1.0482067	0.4501787
0.9642653	0.6241433
1.0477700	0.6119884
1.0668248	0.9419960
0.9104205	0.8336533
1.1171528	1.0043016
0.9190256	1.0607044
0.9483874	1.0578876
1.0273259	1.0869031
1.0344543	0.9728028
1.0004854	1.0001765
0.9753887	0.8821238
0.9331848	0.9545965
0.9836644	1.0095304
1.0317067	0.9666422
0.8905121	1.0148162
0.8875440	0.0000000
1.0002026	0.1262923
1.0387469	0.1639572
0.9677801	0.3531723
0.8440480	0.4402959
0.9968850	0.4217434
0.9951449	0.5666378
1.0281391	0.6901585
1.0984998	0.7956072
1.0377264	0.8269318
1.0248561	0.9656783
0.9702677	1.0335665
0.9875181	0.9605302
0.9378762	0.9121674
0.9854304	1.0699051
1.2997956	0.9618371
1.1363565	1.0974639
1.0240753	1.0446751
1.0182500	0.9968229
0.9962715	0.9263144
1.0274177	0.9877240
0.0000000	0.0000000
0.0000000	0.0898391
0.0000000	0.2016741
0.0000000	0.2633136
0.0000000	0.3323804
0.0000000	0.5019350
0.0000000	0.5465983
0.0000000	0.6921577
0.0000000	0.8050388
0.0000000	0.8251699
0.0000000	1.0127770
0.0000000	1.0050914
0.0000000	0.9778842
0.0000000	1.0881656
0.0000000	1.0209109
0.0000000	0.9662263
0.0000000	1.1091617
0.0000000	1.0514242
0.0000000	1.0489764
0.0000000	0.9965573
0.0000000	0.9953853
0.1154936	0.0000000
0.1204614	0.1196250
0.0955943	0.1817533
0.1162234	0.2711566
0.0894566	0.4049804
0.0683141	0.5528110
0.1024524	0.7256655
0.0663518	0.6348537
0.0793587	0.8097565
0.0924072	0.9236772
0.0851278	0.9589257
0.0756515	1.0551041
0.0863794	1.1415714
0.0933305	1.0577827
0.0990672	1.0023263
0.1019285	1.0167889
0.1055553	0.9205254
0.1111787	1.1763709
0.0804339	0.9818176
0.0626799	0.9164546
0.0882399	1.0977118
0.1537021	0.0000000
0.2106067	0.0745856
0.2146765	0.1553655
0.1825227	0.2952196
0.1696763	0.4285814
0.1515859	0.5005525
0.2059875	0.7221887
0.1626105	0.6655712
0.1731891	0.8852912
0.1677733	0.9599331
0.2152394	1.0347235
0.2508928	0.9157245
0.1749234	0.8433921
0.2432659	1.1620201
0.1623361	1.0954408
0.1839223	1.0785882
0.2266409	0.9630943
0.1840148	1.0348749
0.1467892	0.9852608
0.1833730	1.0491820
0.2691506	0.9634067
0.2810133	0.0000000
0.4888489	0.0752094
0.2524357	0.1843379
0.2946264	0.2773417
0.2191264	0.3740628
0.2748960	0.5872308
0.3328266	0.6362332
0.2553226	0.7172454
0.2275277	0.6573631
0.3238611	0.9142289
0.2959266	0.9105503
0.2692386	0.9694755
0.2504773	1.0409223
0.2328003	0.9357684
0.2843984	1.0910457
0.2747519	1.0307003
0.2786555	0.9856451
0.2893341	1.1327512
0.3474073	0.8981725
0.3108000	0.9886549
0.3535809	0.9563048
0.4246917	0.0000000
0.3856443	0.0712097
0.4846784	0.1895075
0.4081685	0.2488897
0.3679484	0.4932861
0.3153221	0.4833414
0.5273188	0.4415672
0.4505766	0.6782442
0.3178626	0.9146942
0.3629147	0.8878014
0.3500863	0.9224951
0.4091845	1.1777359
0.3568965	1.1240083
0.3230464	1.1106622
0.3999296	1.0434637
0.5353714	0.9259826
0.3688609	0.8827599
0.2958802	0.9430997
0.4408171	1.0026482
0.4317114	0.9856156
0.3424096	0.9342585
0.4867148	0.0000000
0.4397512	0.0847828
0.5418748	0.1986271
0.5247532	0.2849608
0.5362986	0.4162979
0.4551373	0.5808617
0.5048802	0.7381424
0.3837816	0.6683776
0.4996755	0.9313795
0.5409528	0.7879347
0.4303669	1.0750088
0.4758626	1.0572232
0.4580252	0.9938193
0.5199100	1.0109927
0.4134375	1.1428137
0.4609239	0.8515490
0.5084011	0.9521565
0.4884384	0.8673254
0.5252487	1.0204003
0.5678715	1.0460245
0.5167055	0.9863974
0.6795943	0.0000000
0.6244272	0.1757793
0.5162574	0.2070480
0.6141050	0.3973491
0.5282770	0.4271045
0.5588517	0.3797336
0.5308837	0.6043603
0.6333881	0.6927593
0.6659363	0.7920893
0.5066989	0.8957110
0.5660934	1.1083028
0.6405487	0.9008147
0.4798336	0.9068562
0.6028766	1.0953353
0.6043428	0.9762293
0.6822819	1.2613287
0.5456477	1.0999467
0.6291733	0.9345466
0.5498997	1.0036631
0.6453113	1.0187042
0.6075104	0.8443565
0.5901444	0.0000000
0.6569122	0.1135612
0.7947786	0.2133431
0.7389475	0.2962523
0.7245149	0.4575100
0.7012587	0.3997974
0.6630464	0.5977217
0.6889181	0.6202545
0.6770115	0.9180150
0.8786751	0.8536088
0.7354826	1.0335476
0.7843875	0.9107142
0.6831241	1.0628498
0.7871807	0.8479455
0.7244574	1.0365023
0.6415538	1.0029643
0.5874443	0.8634258
0.6967420	0.9538546
0.6769142	1.1349331
0.6739678	0.9316484
0.6938400	1.0710482
0.7440312	0.0000000
0.7142732	0.0940672
0.7228419	0.1816466
0.9590992	0.2960496
0.9159471	0.3952753
0.9384534	0.6802563
0.8322557	0.5579768
0.8101866	0.7074985
0.7231285	0.7972861
0.9393199	0.8678208
0.7850974	1.0246433
0.7518628	0.9723262
0.7331835	0.9184972
0.7711781	0.9815619
0.7050774	0.9450136
0.7397860	0.8303476
0.7409874	0.9855927
0.8687075	0.9240957
0.8090249	0.9921047
0.8123295	1.0775656
0.6892627	1.0057795
0.8773391	0.0000000
0.8959844	0.1039313
0.7867375	0.1993273
0.9359396	0.3097212
0.8593516	0.2998974
0.8713636	0.5374244
0.9335292	0.6340781
0.8604268	0.6347833
0.8657451	0.7445788
1.0769552	1.0638274
0.8051091	1.1301416
0.9172238	0.9537055
0.9662767	1.0105132
0.9230217	1.1626942
1.1062012	0.9376316
0.9141962	1.0627260
0.8662002	0.9792864
0.9249882	0.8309600
0.9938944	0.9963930
0.8605733	1.0286234
0.8349340	1.0653324
1.0217425	0.0000000
0.9129580	0.1157294
1.1455438	0.2558513
1.1169054	0.2922545
0.9997069	0.4348103
1.0542060	0.5413273
0.9562215	0.4081775
1.0405382	0.6514046
0.8801171	0.7992714
1.0275534	0.8195954
0.9218811	1.1441907
0.9622079	1.0352831
0.9891010	1.1793368
1.0278719	0.9425683
0.8341836	0.9831816
1.0600120	0.9554384
0.9286262	1.0248723
1.0762542	0.9946687
0.9755685	0.9490354
1.0575487	0.8810694
0.9549410	0.9483318
1.0220820	0.0000000
0.9964485	0.1004586
0.8629885	0.2178048
1.0109695	0.3513903
1.1077074	0.3821476
1.0474904	0.5757993
1.0272768	0.4638865
0.9870246	0.7552883
1.0161550	0.7873773
0.9657819	0.8465721
0.9604259	0.9827185
1.1477610	0.9828121
1.1628697	1.0169381
0.8924774	0.9968993
1.0853144	0.8440644
0.9637553	1.1236990
1.0331573	0.9568735
1.0232083	0.9839769
0.8644114	0.9984779
1.0605627	0.9574775
0.8851997	1.1263103
0.9726299	0.0000000
1.0705806	0.1297963
0.9133725	0.2093804
0.9777661	0.2713343
1.0718287	0.3900349
1.0018588	0.4268900
0.9494383	0.5199068
0.9072865	0.6701382
1.1036180	0.7389372
0.9574644	1.0277501
0.9669242	1.0412837
0.9359722	0.9736919
0.9239775	1.0571773
1.1845529	0.9093978
0.8856177	0.9051014
1.0249124	0.9281074
0.9517213	0.9243852
0.9930868	0.9226530
0.8771367	0.8660453
0.8315669	1.1276224
1.0486876	1.0149025
0.9935779	0.0000000
1.0120945	0.0951191
0.8888983	0.1459987
0.9933068	0.2101424
0.9904340	0.5178673
0.9410618	0.5398267
0.9420200	0.7282003
1.0783208	0.8266174
1.0273389	0.7448638
0.8967589	0.8343124
1.0656152	0.8756192
0.9473953	1.0243395
1.0331195	0.9439136
0.9822771	0.9331011
0.8187523	0.9755490
0.9328907	1.1043177
1.0297507	0.9303911
0.9021296	1.0178271
0.9415341	1.0569478
0.9938352	1.0563739
0.9836025	0.9496531
0.8548954	0.0000000
1.1686134	0.1332581
1.0733514	0.2027680
1.0197999	0.2733779
1.1135221	0.3911775
1.0983572	0.5562069
1.0853094	0.5908169
0.9703918	0.7424969
1.0378214	0.8236002
1.2205335	0.8702622
1.0359130	1.1292258
1.0121787	0.9446068
0.8719210	0.8719430
1.0352720	1.0233145
1.0756005	1.0741200
0.8812329	0.9827469
0.9485078	1.0068886
1.0427157	1.0027250
0.9595367	0.8854201
1.0935395	1.0927340
0.9409902	1.0425504
0.9456396	0.0000000
0.9696965	0.0982930
0.9780757	0.1477696
0.8584322	0.2512408
1.0472917	0.3613933
1.1037572	0.4754064
1.0699984	0.5674168
0.9676120	0.7124669
0.9002249	0.8344181
1.1177229	0.9203174
1.1112882	0.9763103
1.0650323	1.0243596
1.0851769	1.0716379
0.8638559	1.1931371
0.9847201	0.9987119
0.9505145	1.0544851
1.0774303	0.9451873
0.9722622	0.9371713
1.0134765	0.9463215
1.0793382	1.0677394
0.9534404	1.0408351
0.8702391	0.0000000
0.9440931	0.0631177
1.1137642	0.1962334
1.0121175	0.3360760
1.0847029	0.2902081
1.0514444	0.5040650
1.0473690	0.6771027
1.1036181	0.6810093
0.8805964	0.7483455
1.1044984	0.8814856
1.1119573	0.9248823
0.8463787	1.0260977
1.0336530	0.9797910
0.9961092	0.8541051
0.9779261	1.0436491
0.9405038	1.0952613
0.9791353	1.0362955
0.8005642	0.8367351
1.0350666	1.1745659
1.1159723	1.0766532
1.0356243	1.0852376
0.9496635	0.0000000
0.9997418	0.0922479
1.0667390	0.1938609
1.1681488	0.2418192
1.0299994	0.4633704
1.0525675	0.4812571
0.8800962	0.6289119
1.0682512	0.7218488
1.0518672	0.7763830
0.9336626	1.0367985
0.9372123	0.9672179
1.1375723	0.9742217
0.9697136	0.9975011
1.2368396	1.1939482
1.1142875	1.0052897
0.9807660	0.9730936
1.1197870	1.0480469
1.0795847	1.1256165
0.9822706	1.0876216
0.9555605	1.0196917
0.9652813	0.9333457
0.8853404	0.0000000
1.0847944	0.0766771
1.1742956	0.1838325
0.9394726	0.3313182
0.9297064	0.4800188
0.9915711	0.4699688
0.9493596	0.5435963
1.0387325	0.6532483
0.9685089	0.8521602
1.1543873	1.0139142
1.0308189	0.9836771
0.8645627	1.0519555
0.9547003	0.9189426
0.9331570	1.0728171
0.9565386	0.9855082
1.1146804	1.1272601
0.9681073	1.0042872
1.1598377	1.0479252
0.9926003	0.9101244
1.2198331	1.1012284
0.9628704	0.8813471
1.0197298	0.0000000
0.8849096	0.1040007
0.9853829	0.1818417
0.9710831	0.3295957
0.8806271	0.4197775
1.0521232	0.4604927
1.0928372	0.5773199
0.9397155	0.6958901
0.9624662	0.6874266
0.9834864	0.9066964
1.0856733	1.0674082
0.9475903	1.0571101
0.8045644	1.0817913
1.0821965	0.9561343
0.8335303	0.8770157
1.0970106	0.9582201
0.8584483	0.9953651
1.0598881	1.1088753
1.1819926	0.8866668
0.9391942	0.9673887
0.9525337	0.9265302
1.0308841	0.0000000
1.1202371	0.1093976
0.9899041	0.2509457
0.9651579	0.3022118
1.0752789	0.3633188
0.9327251	0.5219473
0.9545897	0.5611148
1.0062176	0.6638091
1.1363689	0.9847781
0.9837372	0.9097167
1.0816783	0.9380484
1.0088729	0.8389966
1.1279424	1.0165906
0.9088867	1.0862773
1.0474034	0.9763149
1.1062944	1.0017992
1.0988988	1.0837275
1.0360884	0.9509451
0.9793332	1.2254405
0.9895649	0.9583156
1.0105502	0.9827707
0.0000000	0.0000000
0.0000000	0.0886335
0.0000000	0.1866905
0.0000000	0.4155563
0.0000000	0.3573967
0.0000000	0.5280924
0.0000000	0.5628852
0.0000000	0.6519858
0.0000000	0.9012191
0.0000000	0.9377258
0.0000000	1.0263732
0.0000000	0.9427931
0.0000000	0.8312369
0.0000000	0.9898774
0.0000000	0.9955853
0.0000000	1.0500295
0.0000000	0.9477516
0.0000000	0.9863192
0.0000000	1.0986183
0.0000000	1.0172317
0.0000000	1.0457769
0.1182467	0.0000000
0.0998953	0.1031768
0.1378389	0.2616277
0.1046528	0.3109173
0.0815810	0.4161174
0.1059765	0.5239727
0.0977656	0.6177111
0.0844207	0.7785861
0.0949441	0.7024660
0.0955995	0.8614708
0.1074775	0.8781333
0.1163351	1.0150264
0.0946304	1.0800266
0.0791226	1.1268995
0.1478195	0.9841900
0.0890376	1.0805386
0.0949105	1.0631970
0.0745819	0.9466467
0.1018434	1.1282190
0.0597039	1.1633074
0.1292209	0.9845620
0.2876122	0.0000000
0.2197829	0.1822909
0.1818188	0.2397916
0.1472149	0.3369961
0.1684724	0.3996217
0.1728021	0.5520849
0.2657109	0.5640175
0.3170024	0.6761307
0.1866190	0.7389711
0.1808281	0.9712401
0.1605466	1.1053073
0.1675130	1.0325822
0.1896344	1.0272347
0.1920720	1.0122938
0.2570957	0.9408567
0.2225615	0.9128467
0.1953368	1.0369246
0.1858456	0.9162084
0.1873727	0.9658402
0.1722153	1.0109903
0.1792225	1.1073164
0.3232680	0.0000000
0.2475278	0.0696533
0.3683716	0.1605113
0.2625146	0.2995833
0.3628423	0.5222019
0.3968791	0.4613008
0.3114868	0.7459463
0.3711386	0.7510118
0.3359769	0.7465301
0.2311651	0.9390401
0.2705439	1.2295363
0.2828792	0.8185797
0.3405281	0.9613453
0.3049609	0.9847076
0.2601658	1.2708241
0.2703519	0.9329726
0.3275151	0.9976461
0.3300160	0.8876285
0.3549463	1.0954826
0.4213227	1.0292345
0.2786804	1.0133413
0.4048749	0.0000000
0.4563621	0.1238085
0.4216873	0.2492819
0.3674521	0.2848212
0.3587468	0.3635553
0.3778435	0.4866394
0.3696674	0.5924617
0.4966171	0.7279559
0.4321769	0.7945926
0.4392163	0.8077944
0.3152965	1.0535099
0.3985878	0.9523117
0.3884251	1.0114489
0.4108110	1.0620199
0.4647687	0.8799489
0.3630645	1.0136500
0.3673657	0.8737442
0.4309935	1.0508048
0.3255014	1.0935262
0.3612364	0.9538545
0.4405661	0.9990031
0.5160364	0.0000000
0.5064386	0.0874009
0.5723896	0.2629052
0.4873365	0.3248836
0.4608620	0.3896003
0.4297640	0.5422259
0.4871860	0.5804396
0.4721480	0.6377503
0.4776574	0.7820442
0.6009615	0.9018460
0.4637053	1.0257942
0.5208213	0.9358749
0.5135190	0.9459991
0.5543590	1.0509987
0.6060019	1.0914833
0.5165998	0.9582551
0.4127513	1.0925307
0.5561180	0.9633136
0.5303725	1.0019705
0.5703029	0.9759786
0.4667732	0.9753108
0.6314945	0.0000000
0.6877364	0.0831742
0.6745417	0.1620052
0.5822076	0.3420390
0.6626423	0.3875447
0.5424140	0.3893990
0.6610300	0.6340722
0.6334679	0.7774569
0.5154326	0.7223949
0.5142732	0.9265796
0.6393484	0.9233521
0.6197438	0.9814313
0.5237886	1.1578972
0.5932254	0.9660557
0.5915477	0.9278396
0.5153623	1.0338842
0.5769185	0.8462726
0.6313898	0.9676158
0.5675010	1.0744893
0.5669122	0.9444603
0.5246405	0.9939964
0.7243573	0.0000000
0.6813814	0.1367244
0.6932088	0.2636427
0.7199872	0.3022754
0.7194391	0.3187662
0.8156360	0.4598493
0.6495683	0.7435693
0.7182802	0.7989579
0.7069713	0.7907935
0.7418003	0.8585987
0.8391406	0.9117015
0.7444954	1.0618014
0.8350250	0.9701174
0.6891010	0.8872834
0.7312120	0.9352986
0.6041546	1.0891988
0.7921651	0.8695883
0.6499351	1.0938256
0.8479223	1.0131285
0.6047611	1.1246240
0.5407592	1.1896580
0.8460874	0.0000000
0.5956311	0.1064537
0.7319306	0.1817823
0.7735206	0.2633450
0.9322665	0.3327677
0.8460868	0.5910574
0.8678036	0.7005320
0.7653925	0.7209051
0.8147989	0.8106132
0.6735519	0.9377581
0.8260912	1.0193957
0.7635558	0.9285262
0.8543850	0.9971707
0.7636722	1.0390359
0.7755433	1.1653593
0.7405392	1.0494345
0.7891120	0.9042194
0.7343259	1.0948976
0.7845926	0.8680948
0.9368042	1.0001415
0.6761324	1.0160072
0.9328237	0.0000000
1.1311950	0.1129897
0.9692908	0.2027552
0.8069688	0.2686136
0.8803748	0.3735461
0.9901535	0.4998400
0.9337865	0.6803930
0.8427033	0.5928999
0.8291458	0.7309230
1.0200173	0.8517222
0.9261579	1.3034321
0.8996455	0.9479560
0.8603681	1.0369930
0.9487760	1.0282612
1.0024487	0.9781165
0.8553488	0.8118543
0.9738155	1.1519154
0.9971941	1.0014121
1.0384646	0.9633496
0.8602991	0.9160334
0.9614080	0.9272322
1.0196245	0.0000000
0.9748882	0.0845985
1.0491823	0.1999871
0.9575486	0.3419082
1.0425216	0.4325802
1.0609056	0.5197540
0.8859706	0.6328642
0.9939738	0.8760254
0.9478706	0.9339644
0.9518898	0.8523826
1.0009797	1.0667755
0.9036808	1.0881940
0.9364968	1.1188737
1.0016088	0.9495370
0.9350658	1.0417269
1.1441684	1.0937667
1.0172316	0.8481476
1.0797893	1.0043714
0.8978536	1.0897092
0.9379414	0.9960831
0.9471276	0.9044356
1.0825936	0.0000000
0.9835889	0.1337176
1.0092249	0.2430455
1.0597779	0.3421500
1.0610902	0.3081719
0.9909141	0.3904777
1.1452260	0.6051176
0.9703014	0.5563938
0.9776661	0.7116836
0.8987613	0.9626040
0.9154142	1.0709216
1.1165712	1.2464202
1.0330990	0.8127376
1.0560781	1.0618306
0.9279642	1.0938675
1.0786150	0.9792065
0.9098284	0.9551860
1.0801871	0.9212439
0.9556712	0.8984741
1.1197094	0.9492942
1.0106127	1.0041632
1.1334561	0.0000000
0.9414542	0.1140901
1.0146922	0.1839731
0.9469901	0.2958551
0.9517500	0.3487245
1.0370699	0.4920211
1.0629141	0.5419303
0.9307013	0.6760166
1.1052461	0.8542778
1.0481942	0.9211488
1.1178995	0.9534402
1.0304958	0.9212774
0.9304642	0.9804823
0.8779970	0.8428088
0.8960657	0.8727227
0.8973092	0.9384288
0.8998555	1.0314463
1.1361777	0.9217889
1.0610398	0.9620169
0.8744702	1.1630577
1.0004696	1.0797744
0.9402254	0.0000000
0.9300568	0.1067068
1.0068117	0.1988913
0.9655849	0.3021417
0.8920924	0.3874485
0.9367474	0.4697733
0.9724605	0.5686604
1.1066462	0.7609241
0.9469482	0.8220465
0.9954936	0.8093661
0.9344256	0.9577328
0.9764528	0.8819650
1.1070759	0.9975558
0.9690809	0.8357733
1.1690467	1.1826923
0.7714947	1.1598175
1.0002973	1.0482555
1.0568618	1.0869287
1.0634577	0.8934536
1.0259297	1.0177942
1.2496827	1.0093399
1.1871982	0.0000000
1.0055997	0.0907450
1.0750948	0.2771168
1.0435415	0.2577609
0.9535888	0.4253824
0.9966525	0.5289849
0.9921943	0.4466301
1.0751691	0.7137296
0.9431338	0.8224104
1.0296499	0.8517281
1.0069368	0.9720231
0.8644540	1.0003135
0.9925277	1.0236737
1.1189422	0.9901711
0.9996349	0.9148951
0.9736769	0.8535217
1.1235596	1.1160932
1.0568536	0.9642388
1.0423997	1.1365892
0.9203844	0.9992000
1.1366258	1.1567987
0.9358784	0.0000000
1.0502840	0.1279419
0.8936558	0.1492658
0.9424123	0.2776302
0.9048955	0.3350451
1.0885994	0.5054118
0.8975961	0.5443089
1.0834657	0.7247741
0.8454610	0.7757923
1.0313602	0.9637873
0.9808608	1.1865432
0.9987462	0.8152735
0.8843570	0.8890352
0.9579831	1.1092074
0.9367479	0.9410089
1.0890522	1.1134143
1.0784314	0.9933285
1.0600237	0.9867772
0.8621241	0.9776435
0.9691989	1.0210457
0.9699853	0.9672188
1.1102362	0.0000000
1.1596725	0.0978089
1.1852829	0.2076276
0.9062448	0.2531813
1.1471470	0.3508122
1.0021735	0.5088645
1.0526627	0.5788703
1.0206714	0.7411468
1.2988021	0.8589695
1.1233389	0.9001063
0.9296763	1.0615655
0.9343777	0.9483067
1.1177420	0.9783897
0.9536111	1.0348496
1.0832046	0.9712568
0.9948093	1.0333748
0.8232406	1.0258842
0.9063854	0.9819518
0.9014676	0.9922210
0.9297229	0.8776298
0.9491753	1.0001836
0.9046274	0.0000000
1.0445090	0.1004418
0.9881781	0.2028419
0.9305712	0.3058070
0.9451269	0.4213654
1.0336483	0.4500286
1.1761426	0.6227972
1.0848657	0.6716533
1.1388931	0.6408958
0.9775600	0.8064313
0.8569958	0.9370710
1.0190598	0.9697853
1.0390938	1.2288336
0.9060993	1.2291485
1.1375698	1.1120946
0.8480246	0.9278405
1.0116110	1.0327316
1.0905743	1.0540533
0.9000449	1.1494303
0.9700861	0.9993316
1.2389978	1.0766691
0.9460882	0.0000000
0.9132458	0.1384444
1.0966454	0.1938643
0.8996352	0.2859709
1.0408794	0.3927602
0.9561347	0.5691628
1.0471270	0.6179822
1.1342946	0.8006538
0.9979016	0.9433108
0.9580289	1.0278834
1.1879713	0.9355657
0.9903356	0.8492301
0.8440827	1.0810433
0.9788496	1.1856944
0.9251759	1.0941657
0.8478030	1.0818347
0.9702873	1.0340186
0.9543538	1.0786104
0.9597265	1.0106609
1.1854492	1.0425103
1.1843672	0.9845334
0.8791477	0.0000000
1.0911719	0.0560870
0.9621606	0.1872728
0.8595669	0.3560581
0.8780761	0.3707434
0.9335399	0.5961758
1.0399421	0.5421813
1.1924179	0.6231636
1.0155352	0.8769118
0.9404721	0.8405881
1.1938970	1.0971716
1.1868032	0.9054073
1.0278238	1.0347712
0.9830745	0.8684886
1.0948893	0.9016027
1.0434857	0.9875457
0.8653350	1.0553148
1.1315929	0.9638666
1.0487727	1.0889401
1.1085397	1.0198200
0.9653581	0.9477477
1.0772856	0.0000000
1.0752854	0.1292838
1.0078120	0.1599618
0.9553471	0.2420087
0.9545480	0.4206618
1.1122952	0.4977020
1.1887308	0.5562349
0.8966024	0.7096700
1.1422970	0.8299024
1.1100374	1.0378208
0.8135422	0.8747384
1.0369525	1.0407705
0.9072442	0.9208460
1.0191876	1.1845069
0.9345833	0.9721303
0.9924653	1.1287777
1.1739488	0.9490510
1.1075539	0.9239386
0.9428909	1.0153571
1.1492625	1.1275336
1.1342952	1.0997444
0.0000000	0.0000000
0.0000000	0.1170849
0.0000000	0.1936454
0.0000000	0.2322989
0.0000000	0.3546264
0.0000000	0.4787508
0.0000000	0.5353648
0.0000000	0.6663977
0.0000000	0.8081536
0.0000000	0.9785758
0.0000000	1.0243948
0.0000000	0.9117753
0.0000000	0.9814398
0.0000000	1.0665337
0.0000000	0.9694938
0.0000000	1.1255102
0.0000000	0.9710415
0.0000000	1.1712944
0.0000000	1.0726839
0.0000000	0.8305539
0.0000000	0.9051545
0.1109347	0.0000000
0.0624662	0.0663578
0.1096362	0.1742164
0.1043731	0.3055045
0.0973195	0.3751175
0.0778351	0.5464017
0.0795865	0.6925264
0.0875782	0.6498779
0.0636569	0.7250275
0.1743034	0.7558935
0.0941309	1.2057874
0.2400669	0.9761866
0.1214440	0.9993439
0.1108957	0.9943294
0.1219481	1.0568360
0.1029945	0.9586859
0.0813641	1.0625220
0.1418230	0.9640570
0.1057706	1.1410541
0.0910651	0.8217966
0.1197553	1.0820208
0.1951313	0.0000000
0.1963290	0.1490780
0.2357726	0.1813722
0.2374097	0.3733987
0.2103658	0.3384692
0.3446127	0.5199622
0.2249906	0.5808938
0.2270579	0.7822334
0.1902179	0.8100502
0.1958195	0.9458569
0.1777896	0.9269263
0.1833752	0.9675301
0.1542332	1.1593925
0.2136934	0.8860420
0.2029583	1.0007838
0.2085036	0.9385802
0.1722510	0.9932039
0.2045202	0.8838898
0.1792884	1.0140200
0.2256113	1.1608307
0.1686904	0.9283613
0.2358258	0.0000000
0.3803777	0.1620217
0.2551862	0.1427850
0.2328880	0.2837065
0.2731848	0.3423177
0.2432653	0.4603455
0.3259176	0.5530809
0.3039831	0.6140759
0.2564300	0.8946098
0.3121889	0.7015117
0.2492817	0.9203802
0.3302519	1.0296780
0.3066825	1.1540003
0.2686372	1.0459584
0.2032242	1.0457386
0.2918476	0.8468968
0.2956309	0.8228081
0.2983834	0.9820791
0.3802618	1.0318190
0.2212037	1.0928791
0.2948735	0.9795364
0.4114426	0.0000000
0.4632557	0.1124256
0.3733400	0.2225877
0.3956479	0.2839195
0.4022949	0.4196817
0.4335102	0.4175106
0.3901170	0.6134826
0.3795439	0.7132696
0.4694602	0.6893874
0.3942917	1.0871671
0.4516130	0.9583128
0.4660720	1.0210542
0.4393881	1.0223379
0.3524747	0.8395129
0.4359377	0.9648839
0.2840368	0.9511529
0.3774251	1.0759550
0.3585965	0.9411162
0.3644543	0.9975071
0.4278677	1.0477528
0.3023385	0.8763997
0.4353479	0.0000000
0.5908409	0.0641670
0.4328646	0.2367100
0.5316817	0.3184424
0.5155295	0.3391376
0.5495802	0.4972606
0.4986542	0.7135937
0.5216388	0.6413692
0.3628091	0.8748410
0.5716575	0.9113506
0.4833424	0.9911619
0.5924682	0.9335230
0.4262175	0.9777958
0.6354145	1.0802893
0.4409563	1.0224483
0.5138481	0.9177445
0.4798812	1.0949747
0.4777643	1.0379928
0.4759745	1.0860408
0.4015012	0.9958638
0.4220338	0.9796138
0.5837707	0.0000000
0.5953846	0.1028511
0.5863893	0.2200334
0.4735043	0.3361666
0.7152136	0.3688539
0.5775950	0.4290803
0.6330618	0.6014026
0.5792432	0.5908469
0.5863894	0.8294196
0.5738628	0.9856383
0.6352850	1.0150780
0.5719071	0.9452892
0.5384847	0.9796137
0.6653657	0.8972221
0.5646093	0.9621902
0.5276526	1.0808479
0.6016086	0.9034434
0.5136142	0.9534577
0.6586402	1.0636732
0.6171633	0.8510722
0.6649448	0.9575894
0.6437480	0.0000000
0.7084617	0.1556712
0.6947891	0.1781243
0.6930927	0.2175959
0.7656801	0.4553408
0.6911412	0.5088309
0.6575666	0.5647760
0.6710099	0.8292072
0.7808652	0.7474405
0.8171475	0.8721112
0.6993365	0.9471106
0.6545711	1.0700562
0.7804043	0.9182195
0.7118783	1.0670076
0.6530237	0.9939874
0.6495467	1.0848235
0.7437983	1.0435680
0.8216288	0.9998999
0.7134583	0.9514246
0.7694785	0.9632774
0.6977444	1.0130463
0.6475435	0.0000000
0.7571955	0.1073339
0.7807070	0.2036801
0.7720134	0.2467928
0.7908839	0.5054449
0.6657565	0.5302100
0.8665013	0.5746662
0.6905218	0.6776983
0.8680097	0.8467918
0.8755799	0.9087913
0.8539541	0.9135374
0.8210844	0.9918506
0.7738922	0.8618313
0.7595306	0.8663726
0.8987743	0.9658885
0.7155306	0.8881250
0.7873409	0.9747375
0.8488932	1.0001790
0.8186190	1.0667008
0.7321711	0.8455025
0.7678424	0.8451016
0.8754304	0.0000000
0.9641690	0.0753416
0.8782846	0.2731769
0.8687976	0.3466605
0.8341281	0.4347673
0.8945894	0.6791105
0.7989598	0.6432951
0.9597590	0.7801823
1.0015679	0.8903055
1.0447679	1.0089684
1.0971972	1.0164831
0.9069959	1.1976245
0.8623289	1.0362276
0.8885738	1.2042065
0.9776770	0.9411387
0.9103286	0.9916702
0.8874232	0.9365441
1.0688807	0.9554760
0.8734105	0.9730150
0.8582454	0.9358221
0.8611783	0.9990822
1.0152238	0.0000000
0.8569602	0.1447986
0.9112475	0.2319960
1.0142779	0.3856250
0.8935907	0.4375744
1.0216254	0.5476476
1.0247956	0.6109450
1.0066262	0.7167429
1.1459223	0.7287426
1.0244906	0.9139251
1.0524087	1.1608434
1.0833980	1.1077335
0.8669035	0.9534474
1.0492912	1.0869293
1.1948990	0.9990929
1.0173013	0.9062660
0.9293231	1.0052364
1.0368983	1.0873525
1.0930134	0.9968388
1.0084916	0.7122344
1.0869199	1.0047184
0.9547450	0.0000000
1.1953874	0.0859488
1.1124466	0.2218102
1.0936477	0.2842724
1.0502647	0.5519591
0.9219776	0.6012037
0.8903530	0.6184278
1.0887149	0.7412327
1.0325511	0.8488128
1.0950544	0.8891275
0.8909892	0.9383465
1.0733054	1.0771382
0.8444144	0.9562517
0.9434135	0.9742614
1.0246020	0.9015837
1.0332579	0.9762916
0.8655153	1.0199225
0.9685458	1.1834045
0.8564392	1.2464390
0.8875865	0.9933569
0.8917365	1.0588003
1.0552801	0.0000000
0.9892914	0.1239109
0.8772081	0.1801122
1.0716935	0.2981612
1.0093042	0.4094022
0.9919073	0.4478741
0.9103217	0.6070951
1.0752937	0.8083162
0.8869580	0.9043824
1.0290551	0.9061279
1.0795221	0.9192009
1.2248778	1.1048991
1.0270297	0.8636817
0.9929716	0.8537225
0.9882756	1.0149613
0.9541457	0.9430425
0.9828403	1.0333714
0.9963920	1.0493540
1.1225740	0.9329186
1.2058323	1.0785139
1.1590973	0.8943423
0.8828887	0.0000000
1.2160168	0.0862273
1.0650640	0.1927861
0.9492770	0.1947836
1.0358392	0.3967733
0.8427156	0.5392945
0.9029594	0.6879762
1.0868060	0.6937634
1.0550532	0.8379107
0.9840659	0.8445750
1.0032002	1.0973974
1.0175615	1.0476684
1.0251659	0.9792629
1.0320582	0.9547255
0.9068757	1.0553789
1.2143381	0.8458352
1.0796110	1.0776630
1.0652076	1.0099340
1.1352339	1.1543774
0.8707997	1.0655716
1.1937934	0.9220584
0.9853474	0.0000000
1.1239795	0.0880789
1.0714884	0.1825631
1.0682957	0.2741707
0.8838884	0.3240390
0.8926047	0.5905888
0.9297449	0.5263408
0.8427947	0.6706280
1.0743514	0.7063716
0.9519713	0.9838543
0.9675555	1.0021421
0.9801835	0.9352490
0.9730416	1.0362688
0.9486261	0.8792872
1.0665640	0.9133628
1.1478898	0.9868936
1.0008240	1.0781985
0.8939976	1.1015908
0.9630846	0.9567267
1.0836451	0.8964619
0.9674935	1.0534747
0.9431657	0.0000000
0.9889626	0.0925940
0.8657406	0.1848844
1.0395655	0.2504772
0.8739225	0.3873399
0.8102196	0.4596968
1.0784314	0.6675276
0.9564961	0.6437001
0.9941407	0.7338780
0.9952923	0.8069761
1.0322614	0.9553373
1.0042668	1.0470096
1.0406185	0.9779135
1.0903732	0.9892018
0.9647495	1.0248064
1.0622172	1.0123203
1.0975362	0.9370426
1.0268831	0.8786767
1.0665497	0.9251473
1.0893606	0.9966924
1.0322559	1.0048382
0.9931197	0.0000000
0.9341256	0.0874792
0.9716396	0.2034344
0.7569434	0.3312451
1.0436437	0.3879722
0.9756494	0.5458467
1.0532975	0.6929083
1.0205920	0.7062826
0.9701923	0.7261636
0.9326503	1.0254658
0.8831707	0.9668384
1.0544133	1.0310425
0.9308862	0.9688437
0.9296607	0.8531188
0.9243017	1.0386743
1.0132405	1.0461495
1.0370013	0.8742877
0.9430815	0.9343498
0.9939155	1.1638720
0.9827439	1.0967597
0.9234990	0.9610643
0.9831798	0.0000000
1.0213796	0.0915092
0.8094348	0.2614117
0.9127406	0.2899995
1.0085154	0.4371845
1.0173870	0.4149892
0.9397395	0.5223127
1.0531080	0.7553569
1.0114985	0.8065771
0.9595180	0.8556474
1.2869215	1.0923026
1.0792981	1.1204451
1.1477937	0.9761917
1.0153717	0.9427530
1.0885959	0.8228172
0.9097349	1.0487992
1.0590616	1.0777493
1.0069759	0.9330992
1.1158176	0.9165512
0.8629205	1.0357395
1.2599835	1.0029151
0.9181475	0.0000000
1.0264850	0.0642150
1.0071364	0.2294283
0.9932686	0.4312088
1.1775321	0.3205400
0.9880282	0.5342724
1.0355818	0.5916246
0.9251876	0.5966861
1.1166214	0.7612584
1.0069852	0.9101700
0.9887147	0.9958367
0.9059570	0.9667737
1.0451586	1.0905253
0.9014695	1.0035052
1.2188661	1.2243305
0.8600310	1.0457565
1.0675607	0.9504414
0.9735251	0.8678712
0.9070475	1.1559562
0.9207160	1.0065860
1.0829195	1.1164385
0.9961716	0.0000000
0.9808697	0.0815848
0.9531487	0.2251706
1.0454688	0.3366865
0.8678842	0.4027104
0.9448283	0.5500527
1.1406728	0.5430328
0.9898934	0.7009597
0.8388369	0.7482951
1.0342572	0.8293948
0.9770399	1.1157779
1.0110143	0.9640628
0.9761146	1.0809757
1.0192250	1.0631241
1.0235129	0.9374127
1.0213340	1.0614130
1.1130875	0.9404883
1.1168160	0.9418045
1.0501601	1.0320268
1.1822524	1.0236607
1.0072191	1.1750876
0.9250831	0.0000000
0.9845503	0.0705294
1.0220431	0.2440682
1.0050228	0.3319151
0.9280338	0.4521846
0.8633859	0.5547055
0.9518138	0.5008291
0.9935569	0.6546670
0.8542093	0.8410585
1.2780496	0.8163704
1.0846880	1.0219474
1.0555230	0.8786623
0.9354032	0.8460850
0.9449092	0.9368045
1.0053092	1.1236846
0.9790050	1.0337686
0.8688949	1.0078026
1.0283851	1.0684105
1.1197047	0.8482333
0.9124465	0.9616214
1.0116361	0.9292949
0.0000000	0.0000000
0.0000000	0.0947101
0.0000000	0.2551164
0.0000000	0.3241569
0.0000000	0.4707357
0.0000000	0.4449768
0.0000000	0.5164191
0.0000000	0.6856185
0.0000000	0.7659235
0.0000000	0.8015614
0.0000000	0.9799256
0.0000000	0.9745867
0.0000000	0.9946294
0.0000000	0.9111564
0.0000000	0.7317639
0.0000000	1.0158821
0.0000000	1.0015711
0.0000000	1.0348105
0.0000000	1.0241555
0.0000000	1.0453331
0.0000000	1.0305244
0.0910907	0.0000000
0.0743812	0.1488181
0.0827771	0.2801636
0.0711003	0.2690095
0.0936400	0.3721157
0.0860677	0.6428791
0.0841585	0.5825518
0.0685008	0.6441676
0.1118402	0.8804317
0.0907145	0.8878749
0.0810823	0.8680498
0.0941553	1.0175740
0.0835052	1.0355650
0.0756422	0.9139657
0.0931865	0.9305971
0.0928680	0.9302232
0.0911355	0.9337691
0.1466986	1.1069581
0.1424323	0.9046495
0.1422861	0.9118503
0.1219176	0.9205286
0.2574941	0.0000000
0.2158939	0.1222610
0.2182612	0.1596956
0.1603471	0.2622600
0.1664595	0.4567637
0.2019416	0.5954665
0.2015840	0.4858485
0.2735912	0.6628099
0.1617087	0.7446760
0.1834892	0.9217106
0.2065637	1.0593298
0.1668708	0.8566346
0.2097859	1.0355027
0.2448292	0.8695950
0.1915103	1.1202883
0.1987398	0.9697690
0.2089356	0.8291137
0.2199562	0.9975345
0.1751585	0.9460969
0.1555402	1.0267770
0.1963628	0.9825799
0.3067091	0.0000000
0.2384222	0.1230578
0.3432847	0.1683750
0.3987594	0.3041591
0.3172782	0.3919990
0.3272334	0.4854255
0.2960678	0.6391397
0.3215226	0.6845190
0.2698169	0.7229296
0.2543651	0.8981209
0.2896319	1.1941133
0.2510274	1.0476887
0.2949494	0.8785500
0.2969758	0.9722529
0.1931032	1.0605759
0.3286521	0.9816120
0.2749300	1.2982942
0.2637124	0.9892525
0.3430283	0.9811919
0.3319333	1.0535367
0.3193284	1.1227230
0.3788985	0.0000000
0.3220922	0.1034004
0.3273944	0.1769279
0.4402238	0.3321239
0.3150143	0.4761036
0.4509885	0.4397293
0.4660106	0.7028146
0.4856565	0.6088141
0.4482177	0.8752118
0.3627558	0.8013653
0.4731576	1.1016355
0.3847518	0.9291236
0.3045808	0.9630770
0.3876575	0.9691022
0.3924252	0.9748468
0.3389687	0.8453847
0.3479898	0.9757481
0.3847565	1.0637751
0.4108649	1.0857852
0.4763247	1.0178928
0.4009897	0.9217715
0.4363033	0.0000000
0.4435607	0.1350584
0.4593111	0.1946153
0.4812646	0.3243013
0.5241126	0.3689798
0.6513646	0.5106446
0.4659797	0.6654631
0.4742867	0.7373360
0.3695740	0.9773989
0.5132693	0.9172963
0.4746792	1.1072652
0.6088642	1.0134160
0.4047661	0.9747100
0.5611257	1.1380494
0.4497577	0.9671342
0.4765056	0.8976528
0.6359862	0.8346492
0.5765119	0.8499851
0.4795848	0.9165669
0.4256266	1.0169665
0.5169726	0.9462169
0.6372878	0.0000000
0.5215980	0.0920799
0.5266453	0.2109533
0.6241095	0.2220866
0.6417173	0.3534861
0.6683820	0.4937774
0.5537941	0.6051046
0.5800497	0.6841522
0.5945250	0.9382752
0.6352078	0.8359935
0.6641047	0.9464249
0.5743921	0.9932632
0.7085415	1.0070224
0.5394798	0.9935877
0.5910438	1.0087333
0.5958146	1.0366738
0.4826146	0.9355976
0.6242902	0.7893273
0.7810744	0.9933675
0.5066761	1.0838171
0.5479242	1.1657814
0.7583707	0.0000000
0.7490214	0.0979191
0.7091887	0.3050024
0.7279967	0.3255332
0.6436598	0.4401951
0.6557821	0.4397382
0.8225137	0.4184366
0.6998903	0.7948231
0.7855741	0.8239512
0.7844800	0.9821559
0.7338470	1.0453396
0.6986578	0.9308183
0.7830982	0.9682163
0.6726408	1.1625484
0.7099477	1.0766953
0.5634804	1.0986675
0.6287586	1.0960041
0.7415748	1.0544469
0.7589141	0.9659717
0.6186639	1.1451999
0.6021957	1.0575264
0.7401680	0.0000000
0.7654505	0.1120385
0.9093750	0.1813994
0.7500710	0.3242689
0.7658895	0.4696304
0.7098332	0.5488463
0.6375091	0.5047961
0.7152307	0.7316341
0.7005976	0.8559526
0.7729103	1.0251415
0.8091898	1.0064789
0.7774889	1.0545830
0.7882806	0.9597763
0.9272064	0.9763303
0.9275516	0.8262531
0.7034850	1.1421033
1.0319435	0.9002193
0.7965645	1.1823104
0.8281238	0.8317527
0.6942416	1.0489283
0.8674864	0.8734507
0.8006464	0.0000000
0.9193846	0.1102234
0.9072332	0.2392995
0.9485657	0.2953713
1.0128406	0.4198129
0.8202050	0.5192341
0.8306356	0.5691734
1.0262765	0.5971364
0.8832539	1.0683495
0.9806039	0.8241772
0.9344897	1.1250467
0.9934267	1.0653630
0.8722986	0.8296843
0.8380525	0.8305045
0.7467261	1.0352158
0.9399937	1.0108976
0.8399633	0.8694753
0.8807069	1.0686662
0.9284971	0.9784091
0.8744165	1.1372771
0.9488687	1.0212788
0.9617174	0.0000000
1.0212937	0.1724971
0.8921726	0.1612930
0.9228348	0.3019972
1.0642750	0.3941686
0.9203715	0.3825575
0.9203195	0.6869915
1.0464806	0.7028177
0.9660096	0.9160941
0.9082265	1.0618029
1.0910708	1.0134245
1.2060528	0.9380985
1.0792552	0.9781704
0.9303942	0.9369443
1.0844130	0.9714119
0.9924080	1.1560113
1.0572167	1.2806849
1.0148385	1.0193735
0.9767584	1.1457088
1.0160138	1.0096305
0.9359741	1.0544714
0.9784691	0.0000000
0.9652195	0.1130896
0.8571270	0.2012385
0.9843809	0.3254871
0.8999520	0.3739110
1.0195042	0.4976779
0.9943066	0.5346138
0.9549378	0.6807293
1.0889373	0.8203385
0.8380295	0.8148082
1.0480076	0.9581252
1.1311789	0.9498901
1.0409838	0.9194362
1.0802839	0.9246876
0.9073478	1.1115355
1.0073977	1.0163912
0.9774622	0.8032254
1.1180774	0.9663356
1.1057308	1.0843765
1.0290166	1.1126053
1.0282689	1.0660339
1.0283971	0.0000000
0.9567886	0.0865502
1.1539599	0.2116215
0.7674774	0.3057907
0.9408804	0.3512939
0.9358047	0.4742670
0.9469304	0.6367522
0.9491756	0.6977248
0.8637451	0.9472534
1.0522432	1.0293020
0.9135987	0.9347743
0.9574850	1.1181348
1.0064200	1.0655078
1.0730905	1.0133199
0.9269912	0.8035061
0.9338516	1.1089643
0.9800489	1.1028941
1.0326692	1.0096334
0.9480096	1.0877462
0.8925681	1.0223026
1.0249762	0.9466762
0.9947381	0.0000000
0.9479159	0.0758399
1.1152135	0.2106940
1.0753284	0.2749510
1.1028287	0.3999608
0.9792885	0.4622255
0.9792611	0.6661461
0.9256811	0.7446481
1.0719353	0.9024839
1.0615108	1.0112031
0.9700139	1.0926016
0.9753677	1.1163507
1.0729629	0.9172387
1.1672822	0.9899295
1.0781930	1.0261798
0.9819420	0.9229163
0.9734016	1.0807616
1.0434450	1.0821525
1.1180326	0.9767727
1.0450885	0.9120658
0.9675579	1.0408948
0.9543001	0.0000000
0.9345250	0.0977831
1.0063952	0.2232099
0.9404119	0.2965377
1.0255894	0.3516510
1.0795919	0.4681594
0.9266866	0.5203175
0.8461610	0.6039618
0.9120486	0.7628797
1.0128321	0.9222274
0.9933903	0.9906438
0.8753431	1.1389169
1.0070293	0.9912259
0.9274350	1.0064088
0.8915001	0.9723812
0.9519985	1.0525721
0.9294838	1.0066111
1.0637660	0.8923002
0.9275373	1.0692925
0.9056294	0.8763295
1.1418120	1.0341525
0.9764443	0.0000000
1.0466863	0.0991683
1.0891442	0.1882689
1.0166722	0.3625429
1.0767137	0.4320687
0.7791854	0.4846332
1.0804481	0.5114362
0.8712540	0.8072612
1.0671899	0.7763203
1.0175627	0.8080183
0.9820772	1.0224982
0.9720724	1.1391624
0.9171854	0.9256172
0.8006582	1.0033147
0.9223874	1.0828104
1.1148504	1.0761063
1.0830172	1.0079338
1.0100008	0.9077021
0.9790690	0.9042322
0.9621037	0.9632404
0.8538842	1.1199252
1.0618773	0.0000000
1.0073513	0.0936832
1.1020529	0.2753131
1.0173689	0.3330249
1.1216143	0.4036235
1.0277855	0.5020800
1.1583690	0.5389773
0.9743107	0.7469231
0.9681893	0.8268708
1.0683531	0.9474334
0.8937824	0.9839564
0.8091961	0.9443613
1.0004130	0.9543804
1.1185055	0.9883145
1.1216126	0.9183822
0.9566593	1.0267590
1.0299894	1.1118464
1.1406971	1.0266924
0.9720236	0.9947664
1.0136803	1.1179927
0.9959320	1.0862444
0.9606949	0.0000000
0.9942062	0.1028594
1.1075031	0.2018931
0.8975101	0.3143909
0.8888583	0.5077006
1.0308513	0.4742187
0.9462638	0.5721332
1.1023172	0.6175118
0.8509717	0.8129726
0.9746697	0.8655199
1.0857674	1.0621049
0.9450720	1.0184185
1.0635581	0.9568928
0.9923222	0.9222980
1.0634339	0.9926077
0.9816510	1.0624663
0.9877989	0.8586494
0.9642108	0.9698881
0.9954607	0.8624485
1.1432445	0.9804167
1.0454497	1.0628217
0.8781373	0.0000000
0.9264202	0.0837913
1.0240236	0.1837459
0.9118107	0.2773911
1.2003719	0.4139940
0.9725318	0.5540373
1.0919103	0.6191440
1.0657586	0.6166048
0.9366581	0.7206211
1.1100954	0.8067157
1.0757339	1.1110838
0.8967624	1.0744942
1.0810025	1.0563726
0.9381189	0.9232733
0.9741288	0.9654632
0.9674023	0.9990025
0.7719899	1.0599437
1.1557944	0.9358895
0.9599993	1.0543117
0.9692303	0.9782831
1.0842213	0.7823353
1.1146215	0.0000000
0.8964338	0.1246400
1.0838896	0.1891577
0.9227357	0.3137704
0.9660125	0.4199967
0.9570364	0.5084231
1.0937517	0.6038699
1.0387585	0.6384985
1.0696806	0.7614733
1.0784331	0.8446973
0.8565043	1.2045637
0.9654873	0.8969721
1.1442191	1.0771612
0.9855094	1.0863718
0.9777520	0.9597729
1.0356258	0.8886140
0.9670325	1.1276738
0.9708753	1.2258585
0.9738621	0.8462290
1.1870598	0.9500125
1.0448133	1.0098880
0.9696261	0.0000000
1.0277477	0.1335248
1.0576624	0.2005753
0.8765308	0.2242798
0.9472507	0.3859686
0.9270826	0.4391872
1.0155123	0.6883962
1.0284600	0.7548484
0.7732412	0.8557666
0.9790159	0.8550057
0.9329084	0.9757128
1.0322864	1.0903072
1.0317305	1.0356705
1.1282089	1.1030347
1.1013912	0.9223223
1.0714208	0.7366635
0.9397805	1.0869431
1.0423487	1.1546688
1.0244775	1.2045020
1.1337260	1.1076243
1.0897058	0.9304819
